date,load
2018/05/01 0:00,1.008799049
2018/05/01 1:00,4.554091653
2018/05/01 2:00,7.265197763
2018/05/01 3:00,7.265197763
2018/05/01 4:00,7.265197763
2018/05/01 5:00,7.265197763
2018/05/01 6:00,4.597898509
2018/05/01 7:00,0.047869718
2018/05/01 8:00,4.238617991
2018/05/01 9:00,10.66571696
2018/05/01 10:00,71.54065819
2018/05/01 11:00,79.14298373
2018/05/01 12:00,11.26567974
2018/05/01 13:00,11.26567974
2018/05/01 14:00,36.04485178
2018/05/01 15:00,43.3107276
2018/05/01 16:00,47.36850004
2018/05/01 17:00,26.40681879
2018/05/01 18:00,30.0483654
2018/05/01 19:00,31.04185065
2018/05/01 20:00,24.16505181
2018/05/01 21:00,7.898590656
2018/05/01 22:00,1.431590656
2018/05/01 23:00,1.431590656
2018/05/02 0:00,1.431590656
2018/05/02 1:00,1.431590656
2018/05/02 2:00,1.431590656
2018/05/02 3:00,1.431590656
2018/05/02 4:00,1.431590656
2018/05/02 5:00,1.431590656
2018/05/02 6:00,0.811234705
2018/05/02 7:00,0
2018/05/02 8:00,20.65526439
2018/05/02 9:00,20.55339983
2018/05/02 10:00,28.25211677
2018/05/02 11:00,54.5390523
2018/05/02 12:00,23.64217045
2018/05/02 13:00,44.83267142
2018/05/02 14:00,62.24762898
2018/05/02 15:00,53.20017923
2018/05/02 16:00,36.08478616
2018/05/02 17:00,45.59509255
2018/05/02 18:00,14.25833289
2018/05/02 19:00,10.2646471
2018/05/02 20:00,14.50481762
2018/05/02 21:00,14.50481762
2018/05/02 22:00,11.89807849
2018/05/02 23:00,3.796636182
2018/05/03 0:00,0.936830357
2018/05/03 1:00,0.936830357
2018/05/03 2:00,9.833193994
2018/05/03 3:00,11.72346672
2018/05/03 4:00,7.571830357
2018/05/03 5:00,0.936830357
2018/05/03 6:00,0.593325893
2018/05/03 7:00,0.264907826
2018/05/03 8:00,11.32213861
2018/05/03 9:00,60.68649617
2018/05/03 10:00,24.33766824
2018/05/03 11:00,39.80310542
2018/05/03 12:00,69.88961102
2018/05/03 13:00,33.32517432
2018/05/03 14:00,27.55344007
2018/05/03 15:00,13.01395365
2018/05/03 16:00,11.26567974
2018/05/03 17:00,11.26567974
2018/05/03 18:00,36.27631544
2018/05/03 19:00,23.50930474
2018/05/03 20:00,58.65015761
2018/05/03 21:00,34.29571021
2018/05/03 22:00,5.111837974
2018/05/03 23:00,5.111837974
2018/05/04 0:00,5.111837974
2018/05/04 1:00,5.111837974
2018/05/04 2:00,5.111837974
2018/05/04 3:00,5.111837974
2018/05/04 4:00,5.111837974
2018/05/04 5:00,5.111837974
2018/05/04 6:00,4.839168934
2018/05/04 7:00,0.140098039
2018/05/04 8:00,6.799843391
2018/05/04 9:00,17.8167395
2018/05/04 10:00,32.35257283
2018/05/04 11:00,36.07801893
2018/05/04 12:00,66.38299517
2018/05/04 13:00,73.64450215
2018/05/04 14:00,44.92452969
2018/05/04 15:00,21.54575191
2018/05/04 16:00,16.56592432
2018/05/04 17:00,25.76334634
2018/05/04 18:00,40.19101338
2018/05/04 19:00,61.70087704
2018/05/04 20:00,11.26567974
2018/05/04 21:00,11.26567974
2018/05/04 22:00,2.012666667
2018/05/04 23:00,2.012666667
2018/05/05 0:00,5.801864469
2018/05/05 1:00,12.34684249
2018/05/05 2:00,12.34684249
2018/05/05 3:00,8.902117216
2018/05/05 4:00,2.012666667
2018/05/05 5:00,2.012666667
2018/05/05 6:00,6.219030305
2018/05/05 7:00,6.553803031
2018/05/05 8:00,5.575166666
2018/05/05 9:00,1.337281481
2018/05/05 10:00,19.08210446
2018/05/05 11:00,80.31887562
2018/05/05 12:00,42.50794665
2018/05/05 13:00,35.11253096
2018/05/05 14:00,48.56063812
2018/05/05 15:00,19.17598721
2018/05/05 16:00,25.10064087
2018/05/05 17:00,17.41336318
2018/05/05 18:00,14.83428546
2018/05/05 19:00,8.315693329
2018/05/05 20:00,23.20828337
2018/05/05 21:00,8.633300916
2018/05/05 22:00,2.729792144
2018/05/05 23:00,2.729792144
2018/05/06 0:00,2.729792144
2018/05/06 1:00,2.729792144
2018/05/06 2:00,2.729792144
2018/05/06 3:00,2.729792144
2018/05/06 4:00,2.729792144
2018/05/06 5:00,2.729792144
2018/05/06 6:00,2.729792144
2018/05/06 7:00,9.046842693
2018/05/06 8:00,17.04697529
2018/05/06 9:00,34.69214626
2018/05/06 10:00,26.03852771
2018/05/06 11:00,12.84740669
2018/05/06 12:00,12.54087153
2018/05/06 13:00,40.56076897
2018/05/06 14:00,64.06171342
2018/05/06 15:00,21.15037262
2018/05/06 16:00,29.5929747
2018/05/06 17:00,10.04262887
2018/05/06 18:00,3.503570627
2018/05/06 19:00,20.44247847
2018/05/06 20:00,18.78092579
2018/05/06 21:00,11.26567974
2018/05/06 22:00,11.26567974
2018/05/06 23:00,0.609724473
2018/05/07 0:00,0.609724473
2018/05/07 1:00,0.609724473
2018/05/07 2:00,0.609724473
2018/05/07 3:00,0.609724473
2018/05/07 4:00,0.609724473
2018/05/07 5:00,0.609724473
2018/05/07 6:00,0.243889789
2018/05/07 7:00,5.900000001
2018/05/07 8:00,16.02837391
2018/05/07 9:00,37.05652919
2018/05/07 10:00,39.94641808
2018/05/07 11:00,24.49572282
2018/05/07 12:00,48.95496425
2018/05/07 13:00,56.63078183
2018/05/07 14:00,71.61977269
2018/05/07 15:00,36.27451218
2018/05/07 16:00,19.45403059
2018/05/07 17:00,21.84286234
2018/05/07 18:00,5.133440436
2018/05/07 19:00,35.20883597
2018/05/07 20:00,16.03258965
2018/05/07 21:00,12.75937238
2018/05/07 22:00,3.683500921
2018/05/07 23:00,3.683500921
2018/05/08 0:00,3.683500921
2018/05/08 1:00,3.683500921
2018/05/08 2:00,3.683500921
2018/05/08 3:00,3.683500921
2018/05/08 4:00,3.683500921
2018/05/08 5:00,3.54172263
2018/05/08 6:00,2.468258427
2018/05/08 7:00,6.830611369
2018/05/08 8:00,11.81984374
2018/05/08 9:00,20.12084418
2018/05/08 10:00,47.64740598
2018/05/08 11:00,29.35716876
2018/05/08 12:00,22.07782604
2018/05/08 13:00,23.47161876
2018/05/08 14:00,20.31315397
2018/05/08 15:00,22.8049252
2018/05/08 16:00,22.76975277
2018/05/08 17:00,19.79199711
2018/05/08 18:00,18.06046233
2018/05/08 19:00,32.25771752
2018/05/08 20:00,7.487646089
2018/05/08 21:00,25.19162622
2018/05/08 22:00,17.67551365
2018/05/08 23:00,19.07533471
2018/05/09 0:00,7.408046738
2018/05/09 1:00,1.107692308
2018/05/09 2:00,1.107692308
2018/05/09 3:00,1.107692308
2018/05/09 4:00,1.107692308
2018/05/09 5:00,1.033846154
2018/05/09 6:00,0
2018/05/09 7:00,0
2018/05/09 8:00,9.313965172
2018/05/09 9:00,14.10048803
2018/05/09 10:00,35.46853093
2018/05/09 11:00,52.85593581
2018/05/09 12:00,87.06551903
2018/05/09 13:00,67.39027213
2018/05/09 14:00,29.79219986
2018/05/09 15:00,27.61261695
2018/05/09 16:00,27.61615616
2018/05/09 17:00,27.92865345
2018/05/09 18:00,15.15126935
2018/05/09 19:00,50.954365
2018/05/09 20:00,81.78324624
2018/05/09 21:00,44.90286403
2018/05/09 22:00,14.04064134
2018/05/09 23:00,2.151670507
2018/05/10 0:00,6.633795508
2018/05/10 1:00,1.289170507
2018/05/10 2:00,1.289170507
2018/05/10 3:00,1.289170507
2018/05/10 4:00,1.289170507
2018/05/10 5:00,1.160253456
2018/05/10 6:00,0
2018/05/10 7:00,0.270501706
2018/05/10 8:00,18.71074238
2018/05/10 9:00,28.22236672
2018/05/10 10:00,46.02497875
2018/05/10 11:00,43.62100675
2018/05/10 12:00,36.26225661
2018/05/10 13:00,32.8693999
2018/05/10 14:00,31.40701398
2018/05/10 15:00,23.01874424
2018/05/10 16:00,32.98922335
2018/05/10 17:00,46.98449455
2018/05/10 18:00,23.77088654
2018/05/10 19:00,35.0398115
2018/05/10 20:00,12.29397779
2018/05/10 21:00,19.31302611
2018/05/10 22:00,6.436408372
2018/05/10 23:00,1.285517241
2018/05/11 0:00,1.285517241
2018/05/11 1:00,1.285517241
2018/05/11 2:00,1.285517241
2018/05/11 3:00,1.285517241
2018/05/11 4:00,1.285517241
2018/05/11 5:00,1.13554023
2018/05/11 6:00,0
2018/05/11 7:00,0
2018/05/11 8:00,38.60224844
2018/05/11 9:00,58.32969167
2018/05/11 10:00,39.1931857
2018/05/11 11:00,14.4949405
2018/05/11 12:00,17.42347447
2018/05/11 13:00,29.26356363
2018/05/11 14:00,30.76772486
2018/05/11 15:00,20.81430399
2018/05/11 16:00,9.219812723
2018/05/11 17:00,6.596384862
2018/05/11 18:00,45.46140399
2018/05/11 19:00,15.64118392
2018/05/11 20:00,12.13390001
2018/05/11 21:00,15.08408916
2018/05/11 22:00,9.148347226
2018/05/11 23:00,0.615718194
2018/05/12 0:00,0.615718194
2018/05/12 1:00,0.615718194
2018/05/12 2:00,0.615718194
2018/05/12 3:00,0.615718194
2018/05/12 4:00,0.615718194
2018/05/12 5:00,0.615718194
2018/05/12 6:00,2.669718194
2018/05/12 7:00,8.831718193
2018/05/12 8:00,11.43440391
2018/05/12 9:00,26.5287016
2018/05/12 10:00,20.03886493
2018/05/12 11:00,38.19363014
2018/05/12 12:00,20.39005152
2018/05/12 13:00,42.06386399
2018/05/12 14:00,67.30901483
2018/05/12 15:00,19.07993649
2018/05/12 16:00,16.650049
2018/05/12 17:00,35.61618261
2018/05/12 18:00,37.4448541
2018/05/12 19:00,33.78007655
2018/05/12 20:00,10.00648073
2018/05/12 21:00,15.65224543
2018/05/12 22:00,5.04696137
2018/05/12 23:00,4.480515464
2018/05/13 0:00,4.480515464
2018/05/13 1:00,12.07983991
2018/05/13 2:00,16.4794488
2018/05/13 3:00,16.4794488
2018/05/13 4:00,15.35931993
2018/05/13 5:00,1.399875556
2018/05/13 6:00,0
2018/05/13 7:00,0
2018/05/13 8:00,0.446666666
2018/05/13 9:00,6.450999997
2018/05/13 10:00,20.02455157
2018/05/13 11:00,72.31841437
2018/05/13 12:00,60.15069092
2018/05/13 13:00,8.84387826
2018/05/13 14:00,17.53998301
2018/05/13 15:00,27.6411186
2018/05/13 16:00,14.85980087
2018/05/13 17:00,18.8963243
2018/05/13 18:00,4.078571429
2018/05/13 19:00,24.57445455
2018/05/13 20:00,19.36815416
2018/05/13 21:00,28.11026203
2018/05/13 22:00,6.625071302
2018/05/13 23:00,7.513840206
2018/05/14 0:00,10.01845361
2018/05/14 1:00,10.01845361
2018/05/14 2:00,4.842252577
2018/05/14 3:00,0
2018/05/14 4:00,0
2018/05/14 5:00,0
2018/05/14 6:00,3.504166667
2018/05/14 7:00,15.26924981
2018/05/14 8:00,6.323010457
2018/05/14 9:00,58.25538924
2018/05/14 10:00,62.11687809
2018/05/14 11:00,31.14978356
2018/05/14 12:00,59.01899214
2018/05/14 13:00,73.8468561
2018/05/14 14:00,40.64892986
2018/05/14 15:00,31.0777833
2018/05/14 16:00,53.92992583
2018/05/14 17:00,46.13671893
2018/05/14 18:00,24.50293601
2018/05/14 19:00,20.14201103
2018/05/14 20:00,11.5978181
2018/05/14 21:00,6.757672923
2018/05/14 22:00,5.05550574
2018/05/14 23:00,1.171295216
2018/05/15 0:00,1.171295216
2018/05/15 1:00,1.171295216
2018/05/15 2:00,1.171295216
2018/05/15 3:00,1.171295216
2018/05/15 4:00,1.171295216
2018/05/15 5:00,0.995600933
2018/05/15 6:00,0
2018/05/15 7:00,0
2018/05/15 8:00,9.147247654
2018/05/15 9:00,15.10793009
2018/05/15 10:00,37.51521995
2018/05/15 11:00,8.770894276
2018/05/15 12:00,14.78672303
2018/05/15 13:00,27.63136824
2018/05/15 14:00,30.53948796
2018/05/15 15:00,34.88170255
2018/05/15 16:00,49.00882897
2018/05/15 17:00,45.29033111
2018/05/15 18:00,40.04781368
2018/05/15 19:00,12.39679448
2018/05/15 20:00,2.224177726
2018/05/15 21:00,0.921577726
2018/05/15 22:00,0.921577726
2018/05/15 23:00,0.921577726
2018/05/16 0:00,9.116456514
2018/05/16 1:00,10.95612318
2018/05/16 2:00,10.95612318
2018/05/16 3:00,5.771608029
2018/05/16 4:00,0.921577726
2018/05/16 5:00,0.890858469
2018/05/16 6:00,0
2018/05/16 7:00,1.153846154
2018/05/16 8:00,22.71351449
2018/05/16 9:00,10.61567646
2018/05/16 10:00,14.05771577
2018/05/16 11:00,5.047922465
2018/05/16 12:00,4.998742852
2018/05/16 13:00,9.26399709
2018/05/16 14:00,53.36471701
2018/05/16 15:00,36.41302064
2018/05/16 16:00,69.41133261
2018/05/16 17:00,76.90725721
2018/05/16 18:00,55.17395666
2018/05/16 19:00,48.00869039
2018/05/16 20:00,34.94311876
2018/05/16 21:00,19.6017199
2018/05/16 22:00,2.938107133
2018/05/16 23:00,1.553107134
2018/05/17 0:00,1.553107134
2018/05/17 1:00,1.553107134
2018/05/17 2:00,1.553107134
2018/05/17 3:00,1.553107134
2018/05/17 4:00,1.553107134
2018/05/17 5:00,1.332938147
2018/05/17 6:00,1.532076309
2018/05/17 7:00,20.36825142
2018/05/17 8:00,9.690013238
2018/05/17 9:00,43.18371763
2018/05/17 10:00,2.931684292
2018/05/17 11:00,9.103840106
2018/05/17 12:00,22.92515782
2018/05/17 13:00,19.01241468
2018/05/17 14:00,23.72093599
2018/05/17 15:00,72.20054038
2018/05/17 16:00,38.57977696
2018/05/17 17:00,17.15865633
2018/05/17 18:00,17.97489924
2018/05/17 19:00,32.29329318
2018/05/17 20:00,16.64756409
2018/05/17 21:00,14.08966338
2018/05/17 22:00,19.12033662
2018/05/17 23:00,0
2018/05/18 0:00,0
2018/05/18 1:00,0
2018/05/18 2:00,0
2018/05/18 3:00,0
2018/05/18 4:00,0
2018/05/18 5:00,0
2018/05/18 6:00,0
2018/05/18 7:00,0
2018/05/18 8:00,5.635
2018/05/18 9:00,20.56345923
2018/05/18 10:00,8.130721498
2018/05/18 11:00,45.04333011
2018/05/18 12:00,64.07200517
2018/05/18 13:00,38.00314327
2018/05/18 14:00,12.9969793
2018/05/18 15:00,33.90487421
2018/05/18 16:00,57.69019407
2018/05/18 17:00,30.60172701
2018/05/18 18:00,27.86352357
2018/05/18 19:00,16.05512643
2018/05/18 20:00,24.53137234
2018/05/18 21:00,24.87736307
2018/05/18 22:00,0
2018/05/18 23:00,0
2018/05/19 0:00,0
2018/05/19 1:00,0
2018/05/19 2:00,0
2018/05/19 3:00,0
2018/05/19 4:00,0
2018/05/19 5:00,0
2018/05/19 6:00,0
2018/05/19 7:00,0
2018/05/19 8:00,0
2018/05/19 9:00,10.23582611
2018/05/19 10:00,27.95687366
2018/05/19 11:00,45.93277842
2018/05/19 12:00,21.63705211
2018/05/19 13:00,23.21338409
2018/05/19 14:00,86.39158327
2018/05/19 15:00,75.79140666
2018/05/19 16:00,73.72306131
2018/05/19 17:00,30.83003438
2018/05/19 18:00,2.596324258
2018/05/19 19:00,14.49533682
2018/05/19 20:00,14.49533682
2018/05/19 21:00,17.13061659
2018/05/19 22:00,11.16538551
2018/05/19 23:00,0
2018/05/20 0:00,0
2018/05/20 1:00,0
2018/05/20 2:00,0
2018/05/20 3:00,0
2018/05/20 4:00,0
2018/05/20 5:00,0
2018/05/20 6:00,0
2018/05/20 7:00,0
2018/05/20 8:00,0
2018/05/20 9:00,14.93946103
2018/05/20 10:00,56.33622703
2018/05/20 11:00,61.07193341
2018/05/20 12:00,14.80658232
2018/05/20 13:00,25.2328192
2018/05/20 14:00,39.13696688
2018/05/20 15:00,30.90605313
2018/05/20 16:00,26.29451277
2018/05/20 17:00,34.17250179
2018/05/20 18:00,42.27072554
2018/05/20 19:00,37.10315879
2018/05/20 20:00,7.277361538
2018/05/20 21:00,1.067499999
2018/05/20 22:00,4.613614865
2018/05/20 23:00,7.909054054
2018/05/21 0:00,6.986331081
2018/05/21 1:00,0
2018/05/21 2:00,0
2018/05/21 3:00,0
2018/05/21 4:00,0
2018/05/21 5:00,0
2018/05/21 6:00,0
2018/05/21 7:00,0
2018/05/21 8:00,3.190713233
2018/05/21 9:00,71.61065716
2018/05/21 10:00,11.35479357
2018/05/21 11:00,41.32389566
2018/05/21 12:00,12.27019764
2018/05/21 13:00,27.84725023
2018/05/21 14:00,52.86023051
2018/05/21 15:00,51.99226157
2018/05/21 16:00,41.57457123
2018/05/21 17:00,26.93208598
2018/05/21 18:00,15.48255586
2018/05/21 19:00,13.42431861
2018/05/21 20:00,12.53895996
2018/05/21 21:00,19.41011932
2018/05/21 22:00,13.61337454
2018/05/21 23:00,0.592014925
2018/05/22 0:00,0
2018/05/22 1:00,0
2018/05/22 2:00,0
2018/05/22 3:00,0
2018/05/22 4:00,0
2018/05/22 5:00,0
2018/05/22 6:00,0
2018/05/22 7:00,0
2018/05/22 8:00,3.828241656
2018/05/22 9:00,35.96158336
2018/05/22 10:00,20.01361013
2018/05/22 11:00,14.88895789
2018/05/22 12:00,13.77470125
2018/05/22 13:00,11.52439835
2018/05/22 14:00,37.61173178
2018/05/22 15:00,16.96102521
2018/05/22 16:00,29.0024718
2018/05/22 17:00,20.83553779
2018/05/22 18:00,8.636222166
2018/05/22 19:00,25.23761106
2018/05/22 20:00,0.54116661
2018/05/22 21:00,0.54116661
2018/05/22 22:00,4.791553457
2018/05/22 23:00,35.16077976
2018/05/23 0:00,0.54116661
2018/05/23 1:00,0.54116661
2018/05/23 2:00,0.54116661
2018/05/23 3:00,0.54116661
2018/05/23 4:00,0.54116661
2018/05/23 5:00,0.54116661
2018/05/23 6:00,0.54116661
2018/05/23 7:00,0.54116661
2018/05/23 8:00,4.395983016
2018/05/23 9:00,10.79078179
2018/05/23 10:00,39.78409423
2018/05/23 11:00,33.38641316
2018/05/23 12:00,19.31838411
2018/05/23 13:00,45.91540984
2018/05/23 14:00,16.15803354
2018/05/23 15:00,30.95052709
2018/05/23 16:00,33.95749528
2018/05/23 17:00,34.6090393
2018/05/23 18:00,34.84981156
2018/05/23 19:00,22.81280685
2018/05/23 20:00,2.501783911
2018/05/23 21:00,0.675161104
2018/05/23 22:00,0.675161104
2018/05/23 23:00,0.675161104
2018/05/24 0:00,0.675161104
2018/05/24 1:00,0.675161104
2018/05/24 2:00,0.675161104
2018/05/24 3:00,0.675161104
2018/05/24 4:00,0.675161104
2018/05/24 5:00,0.675161104
2018/05/24 6:00,21.44089759
2018/05/24 7:00,12.57015548
2018/05/24 8:00,17.02058265
2018/05/24 9:00,36.75121077
2018/05/24 10:00,31.69188438
2018/05/24 11:00,24.32282472
2018/05/24 12:00,18.14616817
2018/05/24 13:00,26.05678898
2018/05/24 14:00,38.99641446
2018/05/24 15:00,34.43495176
2018/05/24 16:00,46.49440335
2018/05/24 17:00,31.20597504
2018/05/24 18:00,42.6544225
2018/05/24 19:00,49.02643047
2018/05/24 20:00,39.74710153
2018/05/24 21:00,13.21857752
2018/05/24 22:00,7.572631579
2018/05/24 23:00,7.572631579
2018/05/25 0:00,5.300842105
2018/05/25 1:00,0
2018/05/25 2:00,0
2018/05/25 3:00,0
2018/05/25 4:00,0
2018/05/25 5:00,0
2018/05/25 6:00,7.279529411
2018/05/25 7:00,1.684294118
2018/05/25 8:00,2.630863738
2018/05/25 9:00,3.877699181
2018/05/25 10:00,13.01188125
2018/05/25 11:00,30.97735297
2018/05/25 12:00,11.26567974
2018/05/25 13:00,11.26567974
2018/05/25 14:00,11.60787181
2018/05/25 15:00,24.84589917
2018/05/25 16:00,14.65485251
2018/05/25 17:00,18.95778935
2018/05/25 18:00,33.25053596
2018/05/25 19:00,11.37122553
2018/05/25 20:00,11.04635399
2018/05/25 21:00,15.14771112
2018/05/25 22:00,11.246893
2018/05/25 23:00,0
2018/05/26 0:00,0
2018/05/26 1:00,0
2018/05/26 2:00,0
2018/05/26 3:00,0
2018/05/26 4:00,0
2018/05/26 5:00,0
2018/05/26 6:00,0
2018/05/26 7:00,2.094651724
2018/05/26 8:00,6.915568965
2018/05/26 9:00,19.85682078
2018/05/26 10:00,12.70895853
2018/05/26 11:00,29.476
2018/05/26 12:00,39.55912947
2018/05/26 13:00,27.18517009
2018/05/26 14:00,33.99118387
2018/05/26 15:00,21.54985436
2018/05/26 16:00,32.15029986
2018/05/26 17:00,10.9313554
2018/05/26 18:00,28.79017809
2018/05/26 19:00,22.61493449
2018/05/26 20:00,4.112792683
2018/05/26 21:00,0
2018/05/26 22:00,0
2018/05/26 23:00,6.800588236
2018/05/27 0:00,3.709411765
2018/05/27 1:00,0
2018/05/27 2:00,10.6
2018/05/27 3:00,6.889999999
2018/05/27 4:00,0
2018/05/27 5:00,0
2018/05/27 6:00,0
2018/05/27 7:00,7.616220761
2018/05/27 8:00,18.85167398
2018/05/27 9:00,11.17084336
2018/05/27 10:00,33.00852164
2018/05/27 11:00,61.88978456
2018/05/27 12:00,51.25119403
2018/05/27 13:00,75.08545594
2018/05/27 14:00,14.46842605
2018/05/27 15:00,15.6177845
2018/05/27 16:00,23.25019049
2018/05/27 17:00,31.32400337
2018/05/27 18:00,27.47691869
2018/05/27 19:00,15.4265293
2018/05/27 20:00,4.065095541
2018/05/27 21:00,13.24392081
2018/05/27 22:00,11.550131
2018/05/27 23:00,9.432606987
2018/05/28 0:00,0
2018/05/28 1:00,0
2018/05/28 2:00,0
2018/05/28 3:00,0
2018/05/28 4:00,0
2018/05/28 5:00,9.335217391
2018/05/28 6:00,15.92478261
2018/05/28 7:00,1.905
2018/05/28 8:00,8.759079186
2018/05/28 9:00,25.52019152
2018/05/28 10:00,26.65755588
2018/05/28 11:00,26.89444479
2018/05/28 12:00,34.44608722
2018/05/28 13:00,37.48448551
2018/05/28 14:00,38.00021813
2018/05/28 15:00,44.06720134
2018/05/28 16:00,25.72367012
2018/05/28 17:00,0.969462857
2018/05/28 18:00,40.86905385
2018/05/28 19:00,21.67366889
2018/05/28 20:00,24.2547888
2018/05/28 21:00,10.51924708
2018/05/28 22:00,0.520023781
2018/05/28 23:00,0.520023781
2018/05/29 0:00,0.520023781
2018/05/29 1:00,0.520023781
2018/05/29 2:00,0.520023781
2018/05/29 3:00,0.520023781
2018/05/29 4:00,0.520023781
2018/05/29 5:00,0.520023781
2018/05/29 6:00,0.520023781
2018/05/29 7:00,0.520023781
2018/05/29 8:00,12.92219332
2018/05/29 9:00,32.06340718
2018/05/29 10:00,54.12950894
2018/05/29 11:00,45.34853675
2018/05/29 12:00,66.25428164
2018/05/29 13:00,59.74805575
2018/05/29 14:00,41.94712803
2018/05/29 15:00,28.92239022
2018/05/29 16:00,42.58781043
2018/05/29 17:00,47.53000904
2018/05/29 18:00,60.23793761
2018/05/29 19:00,45.11677351
2018/05/29 20:00,10.52235075
2018/05/29 21:00,6.097947104
2018/05/29 22:00,6.097947104
2018/05/29 23:00,0.452947103
2018/05/30 0:00,0.452947103
2018/05/30 1:00,0.452947103
2018/05/30 2:00,0.452947103
2018/05/30 3:00,0.452947103
2018/05/30 4:00,0.452947103
2018/05/30 5:00,1.364643854
2018/05/30 6:00,1.642116778
2018/05/30 7:00,10.55211678
2018/05/30 8:00,19.60464087
2018/05/30 9:00,10.85136316
2018/05/30 10:00,35.84409892
2018/05/30 11:00,45.43159962
2018/05/30 12:00,40.3748829
2018/05/30 13:00,41.49539273
2018/05/30 14:00,26.05284809
2018/05/30 15:00,26.80826246
2018/05/30 16:00,16.30320236
2018/05/30 17:00,25.30705195
2018/05/30 18:00,37.5834677
2018/05/30 19:00,24.4047056
2018/05/30 20:00,0
2018/05/30 21:00,0.904242424
2018/05/30 22:00,1.937662338
2018/05/30 23:00,6.388495671
2018/05/31 0:00,18.324329
2018/05/31 1:00,25.68216234
2018/05/31 2:00,1.937662338
2018/05/31 3:00,4.824148825
2018/05/31 4:00,12.40117585
2018/05/31 5:00,0.452121212
2018/05/31 6:00,0
2018/05/31 7:00,32.36857242
2018/05/31 8:00,21.18432678
2018/05/31 9:00,9.817099115
2018/05/31 10:00,33.90229734
2018/05/31 11:00,35.00351066
2018/05/31 12:00,31.6136751
2018/05/31 13:00,34.89293315
2018/05/31 14:00,42.55073726
2018/05/31 15:00,23.15284039
2018/05/31 16:00,30.42658593
2018/05/31 17:00,29.35055218
2018/05/31 18:00,36.32563467
2018/05/31 19:00,58.55712315
2018/05/31 20:00,15.03307525
2018/05/31 21:00,8.481229097
2018/05/31 22:00,0.475652174
2018/05/31 23:00,0.475652174
2018/06/01 0:00,0.475652174
2018/06/01 1:00,0.475652174
2018/06/01 2:00,0.475652174
2018/06/01 3:00,0.475652174
2018/06/01 4:00,0.475652174
2018/06/01 5:00,1.482763285
2018/06/01 6:00,1.848985507
2018/06/01 7:00,8.741293199
2018/06/01 8:00,21.95469203
2018/06/01 9:00,25.91483845
2018/06/01 10:00,47.26979189
2018/06/01 11:00,45.76118733
2018/06/01 12:00,32.55902621
2018/06/01 13:00,15.5748816
2018/06/01 14:00,30.70504297
2018/06/01 15:00,63.05213573
2018/06/01 16:00,33.753173
2018/06/01 17:00,15.04386724
2018/06/01 18:00,28.49918454
2018/06/01 19:00,22.16309099
2018/06/01 20:00,27.4654888
2018/06/01 21:00,14.51316737
2018/06/01 22:00,0.147127119
2018/06/01 23:00,0
2018/06/02 0:00,0
2018/06/02 1:00,0
2018/06/02 2:00,0
2018/06/02 3:00,0
2018/06/02 4:00,0
2018/06/02 5:00,0
2018/06/02 6:00,0
2018/06/02 7:00,2.483012903
2018/06/02 8:00,3.633677419
2018/06/02 9:00,14.57565073
2018/06/02 10:00,33.9740429
2018/06/02 11:00,54.18959751
2018/06/02 12:00,15.20001865
2018/06/02 13:00,7.125794758
2018/06/02 14:00,15.98243367
2018/06/02 15:00,34.23359111
2018/06/02 16:00,8.993609284
2018/06/02 17:00,11.8733418
2018/06/02 18:00,13.57438737
2018/06/02 19:00,6.00308414
2018/06/02 20:00,25.81284287
2018/06/02 21:00,27.90584833
2018/06/02 22:00,5.28043323
2018/06/02 23:00,0.516596462
2018/06/03 0:00,0.516596462
2018/06/03 1:00,0.516596462
2018/06/03 2:00,0.516596462
2018/06/03 3:00,0.516596462
2018/06/03 4:00,0.516596462
2018/06/03 5:00,0.516596462
2018/06/03 6:00,0.516596462
2018/06/03 7:00,0.516596462
2018/06/03 8:00,0.516596462
2018/06/03 9:00,0.516596462
2018/06/03 10:00,3.578659876
2018/06/03 11:00,26.02946879
2018/06/03 12:00,59.08476406
2018/06/03 13:00,43.20957154
2018/06/03 14:00,39.66274904
2018/06/03 15:00,10.30033543
2018/06/03 16:00,52.82355435
2018/06/03 17:00,33.60954456
2018/06/03 18:00,40.34169872
2018/06/03 19:00,6.927051282
2018/06/03 20:00,0
2018/06/03 21:00,6.833333333
2018/06/03 22:00,3.416666666
2018/06/03 23:00,0
2018/06/04 0:00,0
2018/06/04 1:00,0
2018/06/04 2:00,0
2018/06/04 3:00,0
2018/06/04 4:00,0
2018/06/04 5:00,0
2018/06/04 6:00,0
2018/06/04 7:00,0.812616822
2018/06/04 8:00,4.068064204
2018/06/04 9:00,20.07945973
2018/06/04 10:00,74.94565343
2018/06/04 11:00,40.72814094
2018/06/04 12:00,65.36459841
2018/06/04 13:00,14.11958055
2018/06/04 14:00,22.52373836
2018/06/04 15:00,33.61921613
2018/06/04 16:00,35.68769463
2018/06/04 17:00,35.31913587
2018/06/04 18:00,43.66569617
2018/06/04 19:00,23.58906678
2018/06/04 20:00,4.748611111
2018/06/04 21:00,1.503726852
2018/06/04 22:00,0
2018/06/04 23:00,0
2018/06/05 0:00,0
2018/06/05 1:00,0
2018/06/05 2:00,0
2018/06/05 3:00,0
2018/06/05 4:00,0
2018/06/05 5:00,0.698582555
2018/06/05 6:00,0.974766355
2018/06/05 7:00,6.221236942
2018/06/05 8:00,28.06094469
2018/06/05 9:00,61.24354338
2018/06/05 10:00,24.71888932
2018/06/05 11:00,11.26567974
2018/06/05 12:00,11.26567974
2018/06/05 13:00,39.64218224
2018/06/05 14:00,30.80112221
2018/06/05 15:00,25.29841761
2018/06/05 16:00,29.9180657
2018/06/05 17:00,64.07135052
2018/06/05 18:00,59.75391635
2018/06/05 19:00,36.89148427
2018/06/05 20:00,17.94788044
2018/06/05 21:00,16.89343828
2018/06/05 22:00,11.040889
2018/06/05 23:00,0.669027778
2018/06/06 0:00,0.669027778
2018/06/06 1:00,0.669027778
2018/06/06 2:00,0.669027778
2018/06/06 3:00,0.669027778
2018/06/06 4:00,0.669027778
2018/06/06 5:00,0.669027778
2018/06/06 6:00,0.669027778
2018/06/06 7:00,0.669027778
2018/06/06 8:00,4.561674444
2018/06/06 9:00,20.85058706
2018/06/06 10:00,40.17311472
2018/06/06 11:00,20.2669085
2018/06/06 12:00,30.01621111
2018/06/06 13:00,25.73410041
2018/06/06 14:00,10.16196896
2018/06/06 15:00,29.04906558
2018/06/06 16:00,35.30223902
2018/06/06 17:00,34.08988654
2018/06/06 18:00,31.28616042
2018/06/06 19:00,2.092020459
2018/06/06 20:00,1.159285855
2018/06/06 21:00,32.09075328
2018/06/06 22:00,23.08943133
2018/06/06 23:00,1.969931017
2018/06/07 0:00,20.55638263
2018/06/07 1:00,0.593156823
2018/06/07 2:00,0.593156823
2018/06/07 3:00,0.593156823
2018/06/07 4:00,0.593156823
2018/06/07 5:00,1.431054019
2018/06/07 6:00,1.762315701
2018/06/07 7:00,7.622315702
2018/06/07 8:00,16.22795892
2018/06/07 9:00,8.221254457
2018/06/07 10:00,40.15512218
2018/06/07 11:00,40.2506609
2018/06/07 12:00,38.34197217
2018/06/07 13:00,28.68370651
2018/06/07 14:00,23.20485581
2018/06/07 15:00,43.76022861
2018/06/07 16:00,33.14062045
2018/06/07 17:00,17.78628228
2018/06/07 18:00,33.91702402
2018/06/07 19:00,53.53668439
2018/06/07 20:00,24.02905641
2018/06/07 21:00,19.36420164
2018/06/07 22:00,10.34330026
2018/06/07 23:00,5.8608
2018/06/08 0:00,0.6108
2018/06/08 1:00,0.6108
2018/06/08 2:00,0.6108
2018/06/08 3:00,0.6108
2018/06/08 4:00,0.6108
2018/06/08 5:00,1.081709091
2018/06/08 6:00,1.225029249
2018/06/08 7:00,2.997869249
2018/06/08 8:00,22.97175518
2018/06/08 9:00,34.39816941
2018/06/08 10:00,55.84018452
2018/06/08 11:00,27.33093795
2018/06/08 12:00,48.45641444
2018/06/08 13:00,44.97801832
2018/06/08 14:00,21.48374471
2018/06/08 15:00,26.49673704
2018/06/08 16:00,37.31055687
2018/06/08 17:00,57.08695034
2018/06/08 18:00,18.95420511
2018/06/08 19:00,7.551662417
2018/06/08 20:00,33.42091983
2018/06/08 21:00,19.03584694
2018/06/08 22:00,0.717023346
2018/06/08 23:00,0
2018/06/09 0:00,0
2018/06/09 1:00,0
2018/06/09 2:00,0
2018/06/09 3:00,0
2018/06/09 4:00,0
2018/06/09 5:00,0
2018/06/09 6:00,0
2018/06/09 7:00,3.926881481
2018/06/09 8:00,7.760488888
2018/06/09 9:00,14.07985652
2018/06/09 10:00,19.9264359
2018/06/09 11:00,16.11713932
2018/06/09 12:00,29.97359203
2018/06/09 13:00,22.72346733
2018/06/09 14:00,65.77600827
2018/06/09 15:00,41.02717642
2018/06/09 16:00,16.88524202
2018/06/09 17:00,30.41651168
2018/06/09 18:00,10.11615036
2018/06/09 19:00,1.39003832
2018/06/09 20:00,15.50903256
2018/06/09 21:00,5.946928946
2018/06/09 22:00,0.406283784
2018/06/09 23:00,0.406283784
2018/06/10 0:00,0.406283784
2018/06/10 1:00,0.406283784
2018/06/10 2:00,0.406283784
2018/06/10 3:00,0.406283784
2018/06/10 4:00,0.406283784
2018/06/10 5:00,0.406283784
2018/06/10 6:00,6.783356955
2018/06/10 7:00,4.814210613
2018/06/10 8:00,30.07059413
2018/06/10 9:00,11.64432447
2018/06/10 10:00,49.7013625
2018/06/10 11:00,81.03446042
2018/06/10 12:00,16.15713235
2018/06/10 13:00,24.42921172
2018/06/10 14:00,16.37606496
2018/06/10 15:00,50.33848624
2018/06/10 16:00,14.83703231
2018/06/10 17:00,13.64357756
2018/06/10 18:00,11.54782164
2018/06/10 19:00,13.08510101
2018/06/10 20:00,31.00474026
2018/06/10 21:00,3.075714285
2018/06/10 22:00,8.584615384
2018/06/10 23:00,0.715384615
2018/06/11 0:00,8.248695652
2018/06/11 1:00,7.561304347
2018/06/11 2:00,0
2018/06/11 3:00,0
2018/06/11 4:00,0
2018/06/11 5:00,0
2018/06/11 6:00,0
2018/06/11 7:00,0.390071259
2018/06/11 8:00,6.56050924
2018/06/11 9:00,5.696820593
2018/06/11 10:00,40.98676519
2018/06/11 11:00,34.97539475
2018/06/11 12:00,28.65653854
2018/06/11 13:00,22.56787761
2018/06/11 14:00,29.82122006
2018/06/11 15:00,88.33336105
2018/06/11 16:00,37.37682116
2018/06/11 17:00,26.9102337
2018/06/11 18:00,22.70930428
2018/06/11 19:00,24.43247095
2018/06/11 20:00,4.117068171
2018/06/11 21:00,1.243807339
2018/06/11 22:00,0
2018/06/11 23:00,0
2018/06/12 0:00,0
2018/06/12 1:00,0
2018/06/12 2:00,0
2018/06/12 3:00,0
2018/06/12 4:00,0
2018/06/12 5:00,0
2018/06/12 6:00,0
2018/06/12 7:00,1.543333334
2018/06/12 8:00,10.05756187
2018/06/12 9:00,18.8887824
2018/06/12 10:00,23.26797315
2018/06/12 11:00,38.70020779
2018/06/12 12:00,13.13251353
2018/06/12 13:00,50.97753942
2018/06/12 14:00,34.85699618
2018/06/12 15:00,28.34313669
2018/06/12 16:00,24.69467433
2018/06/12 17:00,13.04838719
2018/06/12 18:00,20.4467357
2018/06/12 19:00,25.68363407
2018/06/12 20:00,31.64268302
2018/06/12 21:00,8.104758685
2018/06/12 22:00,0
2018/06/12 23:00,0
2018/06/13 0:00,0
2018/06/13 1:00,0
2018/06/13 2:00,0
2018/06/13 3:00,0
2018/06/13 4:00,0
2018/06/13 5:00,0.851570248
2018/06/13 6:00,1.110743802
2018/06/13 7:00,21.99901966
2018/06/13 8:00,9.222731199
2018/06/13 9:00,58.82280903
2018/06/13 10:00,15.61083357
2018/06/13 11:00,9.50460015
2018/06/13 12:00,9.983526402
2018/06/13 13:00,10.73682819
2018/06/13 14:00,32.92561532
2018/06/13 15:00,46.0162821
2018/06/13 16:00,39.87354471
2018/06/13 17:00,12.85893484
2018/06/13 18:00,11.58472314
2018/06/13 19:00,9.162111974
2018/06/13 20:00,8.934963504
2018/06/13 21:00,9.139938737
2018/06/13 22:00,8.05939914
2018/06/13 23:00,5.528324935
2018/06/14 0:00,5.528324935
2018/06/14 1:00,5.528324935
2018/06/14 2:00,5.528324935
2018/06/14 3:00,5.528324935
2018/06/14 4:00,5.528324935
2018/06/14 5:00,5.528324935
2018/06/14 6:00,5.528324935
2018/06/14 7:00,1.615554037
2018/06/14 8:00,2.93454085
2018/06/14 9:00,45.78527453
2018/06/14 10:00,39.32653193
2018/06/14 11:00,29.68936137
2018/06/14 12:00,7.441411907
2018/06/14 13:00,32.10419246
2018/06/14 14:00,39.69984411
2018/06/14 15:00,7.587140101
2018/06/14 16:00,23.7328712
2018/06/14 17:00,48.49641672
2018/06/14 18:00,21.98595988
2018/06/14 19:00,26.78086847
2018/06/14 20:00,6.099448387
2018/06/14 21:00,10.4321304
2018/06/14 22:00,7.540463737
2018/06/14 23:00,0.311297071
2018/06/15 0:00,0.311297071
2018/06/15 1:00,0.311297071
2018/06/15 2:00,0.311297071
2018/06/15 3:00,0.311297071
2018/06/15 4:00,0.311297071
2018/06/15 5:00,1.229427152
2018/06/15 6:00,1.508858047
2018/06/15 7:00,2.028088816
2018/06/15 8:00,18.69758096
2018/06/15 9:00,48.82236205
2018/06/15 10:00,37.63417531
2018/06/15 11:00,10.76140308
2018/06/15 12:00,49.48391642
2018/06/15 13:00,30.61417837
2018/06/15 14:00,31.08873092
2018/06/15 15:00,45.53811908
2018/06/15 16:00,40.83325538
2018/06/15 17:00,27.31568232
2018/06/15 18:00,59.68276061
2018/06/15 19:00,42.24030786
2018/06/15 20:00,36.00181582
2018/06/15 21:00,9.297017545
2018/06/15 22:00,7.764093568
2018/06/15 23:00,0
2018/06/16 0:00,0
2018/06/16 1:00,0
2018/06/16 2:00,0
2018/06/16 3:00,0
2018/06/16 4:00,0
2018/06/16 5:00,0
2018/06/16 6:00,0
2018/06/16 7:00,7.37254902
2018/06/16 8:00,4.377450981
2018/06/16 9:00,20.00094252
2018/06/16 10:00,54.58030297
2018/06/16 11:00,67.64624241
2018/06/16 12:00,42.15157212
2018/06/16 13:00,30.23535364
2018/06/16 14:00,60.21350964
2018/06/16 15:00,33.72863107
2018/06/16 16:00,23.90328751
2018/06/16 17:00,19.54515813
2018/06/16 18:00,4.282413793
2018/06/16 19:00,24.01183453
2018/06/16 20:00,21.00340321
2018/06/16 21:00,9.852364634
2018/06/16 22:00,4.741324261
2018/06/16 23:00,2.149148936
2018/06/17 0:00,16.19250894
2018/06/17 1:00,15.64178894
2018/06/17 2:00,2.149148936
2018/06/17 3:00,2.149148936
2018/06/17 4:00,2.149148936
2018/06/17 5:00,2.149148936
2018/06/17 6:00,2.149148936
2018/06/17 7:00,2.149148936
2018/06/17 8:00,1.956252482
2018/06/17 9:00,6.837066667
2018/06/17 10:00,27.38135498
2018/06/17 11:00,77.78538953
2018/06/17 12:00,64.65975656
2018/06/17 13:00,32.8605806
2018/06/17 14:00,35.96772087
2018/06/17 15:00,38.02493252
2018/06/17 16:00,17.89587337
2018/06/17 17:00,21.45027516
2018/06/17 18:00,7.687344856
2018/06/17 19:00,3.277367719
2018/06/17 20:00,9.164666667
2018/06/17 21:00,34.19040779
2018/06/17 22:00,4.286374141
2018/06/17 23:00,3.145124141
2018/06/18 0:00,2.802749141
2018/06/18 1:00,2.802749141
2018/06/18 2:00,2.802749141
2018/06/18 3:00,2.802749141
2018/06/18 4:00,2.802749141
2018/06/18 5:00,2.802749141
2018/06/18 6:00,2.802749141
2018/06/18 7:00,14.42497746
2018/06/18 8:00,13.85975565
2018/06/18 9:00,33.45434527
2018/06/18 10:00,35.4952446
2018/06/18 11:00,26.80506364
2018/06/18 12:00,30.93219563
2018/06/18 13:00,50.50332524
2018/06/18 14:00,43.69650767
2018/06/18 15:00,26.34881425
2018/06/18 16:00,26.02741815
2018/06/18 17:00,54.90791225
2018/06/18 18:00,35.32770005
2018/06/18 19:00,43.55535696
2018/06/18 20:00,6.961905166
2018/06/18 21:00,6.113709677
2018/06/18 22:00,8.718951611
2018/06/18 23:00,0
2018/06/19 0:00,0
2018/06/19 1:00,0
2018/06/19 2:00,0
2018/06/19 3:00,0
2018/06/19 4:00,0
2018/06/19 5:00,0.844732824
2018/06/19 6:00,7.227241003
2018/06/19 7:00,16.68581243
2018/06/19 8:00,22.23093519
2018/06/19 9:00,41.52565942
2018/06/19 10:00,21.58614068
2018/06/19 11:00,32.75597086
2018/06/19 12:00,49.34331024
2018/06/19 13:00,30.35722791
2018/06/19 14:00,32.60838464
2018/06/19 15:00,30.12064532
2018/06/19 16:00,27.75073694
2018/06/19 17:00,23.26572769
2018/06/19 18:00,30.64448561
2018/06/19 19:00,18.38797627
2018/06/19 20:00,15.38548627
2018/06/19 21:00,0
2018/06/19 22:00,11.26567974
2018/06/19 23:00,11.26567974
2018/06/20 0:00,0
2018/06/20 1:00,0
2018/06/20 2:00,0
2018/06/20 3:00,0
2018/06/20 4:00,0
2018/06/20 5:00,0
2018/06/20 6:00,0.2179375
2018/06/20 7:00,10.33839583
2018/06/20 8:00,30.38291215
2018/06/20 9:00,43.85996753
2018/06/20 10:00,66.52380403
2018/06/20 11:00,24.68472993
2018/06/20 12:00,43.34983186
2018/06/20 13:00,16.15455267
2018/06/20 14:00,13.20778834
2018/06/20 15:00,20.15175019
2018/06/20 16:00,31.46988822
2018/06/20 17:00,49.15689432
2018/06/20 18:00,39.77824815
2018/06/20 19:00,38.76084723
2018/06/20 20:00,32.80272152
2018/06/20 21:00,4.97009031
2018/06/20 22:00,8.57046339
2018/06/20 23:00,6.733458782
2018/06/21 0:00,0.280555556
2018/06/21 1:00,0.280555556
2018/06/21 2:00,0.280555556
2018/06/21 3:00,0.280555556
2018/06/21 4:00,0.280555556
2018/06/21 5:00,0.280555556
2018/06/21 6:00,1.167750678
2018/06/21 7:00,1.167750678
2018/06/21 8:00,1.953464963
2018/06/21 9:00,18.20661759
2018/06/21 10:00,60.36901234
2018/06/21 11:00,30.99295356
2018/06/21 12:00,52.12935355
2018/06/21 13:00,26.40545128
2018/06/21 14:00,21.43189446
2018/06/21 15:00,38.00674972
2018/06/21 16:00,53.50241954
2018/06/21 17:00,23.49797383
2018/06/21 18:00,15.85139454
2018/06/21 19:00,18.44808405
2018/06/21 20:00,9.05243252
2018/06/21 21:00,1.395866667
2018/06/21 22:00,13.55357143
2018/06/21 23:00,3.696428572
2018/06/22 0:00,0
2018/06/22 1:00,0
2018/06/22 2:00,0
2018/06/22 3:00,0
2018/06/22 4:00,0
2018/06/22 5:00,0
2018/06/22 6:00,0
2018/06/22 7:00,1.356152866
2018/06/22 8:00,2.608643625
2018/06/22 9:00,14.00772581
2018/06/22 10:00,15.62521328
2018/06/22 11:00,20.62680433
2018/06/22 12:00,78.50635855
2018/06/22 13:00,22.43478632
2018/06/22 14:00,18.88212703
2018/06/22 15:00,55.57372956
2018/06/22 16:00,38.45446512
2018/06/22 17:00,7.10866574
2018/06/22 18:00,37.45107977
2018/06/22 19:00,21.01725356
2018/06/22 20:00,9.875142857
2018/06/22 21:00,17.26485714
2018/06/22 22:00,2.85216129
2018/06/22 23:00,10.06645161
2018/06/23 0:00,10.06645161
2018/06/23 1:00,8.220935484
2018/06/23 2:00,0
2018/06/23 3:00,0
2018/06/23 4:00,0
2018/06/23 5:00,0
2018/06/23 6:00,0
2018/06/23 7:00,0
2018/06/23 8:00,4.569393939
2018/06/23 9:00,5.101717172
2018/06/23 10:00,39.7745069
2018/06/23 11:00,22.24111614
2018/06/23 12:00,27.29387852
2018/06/23 13:00,75.9321204
2018/06/23 14:00,42.38008615
2018/06/23 15:00,11.26567974
2018/06/23 16:00,11.26567974
2018/06/23 17:00,33.03915532
2018/06/23 18:00,46.28667061
2018/06/23 19:00,79.1335203
2018/06/23 20:00,43.33703031
2018/06/23 21:00,4.250722611
2018/06/23 22:00,1.411800533
2018/06/23 23:00,0.868904429
2018/06/24 0:00,0.868904429
2018/06/24 1:00,0.868904429
2018/06/24 2:00,0.868904429
2018/06/24 3:00,0.868904429
2018/06/24 4:00,0.868904429
2018/06/24 5:00,0.868904429
2018/06/24 6:00,3.680904429
2018/06/24 7:00,20.11187298
2018/06/24 8:00,15.00424382
2018/06/24 9:00,20.95161261
2018/06/24 10:00,40.97218462
2018/06/24 11:00,24.72822497
2018/06/24 12:00,12.65691108
2018/06/24 13:00,49.00744766
2018/06/24 14:00,77.19121814
2018/06/24 15:00,33.30070398
2018/06/24 16:00,6.407479197
2018/06/24 17:00,12.12736434
2018/06/24 18:00,3.433333334
2018/06/24 19:00,0
2018/06/24 20:00,0
2018/06/24 21:00,0
2018/06/24 22:00,0
2018/06/24 23:00,0
2018/06/25 0:00,0
2018/06/25 1:00,0
2018/06/25 2:00,0
2018/06/25 3:00,0
2018/06/25 4:00,0
2018/06/25 5:00,0.703481013
2018/06/25 6:00,0.937974684
2018/06/25 7:00,16.72449643
2018/06/25 8:00,26.93494135
2018/06/25 9:00,24.28750957
2018/06/25 10:00,23.07859589
2018/06/25 11:00,41.37080795
2018/06/25 12:00,52.89580837
2018/06/25 13:00,26.79755318
2018/06/25 14:00,16.28695877
2018/06/25 15:00,46.85352846
2018/06/25 16:00,74.12691941
2018/06/25 17:00,33.78253893
2018/06/25 18:00,29.19027658
2018/06/25 19:00,24.15992853
2018/06/25 20:00,27.1890856
2018/06/25 21:00,6.073286482
2018/06/25 22:00,7.268518678
2018/06/25 23:00,11.47966868
2018/06/26 0:00,11.47966868
2018/06/26 1:00,11.47966868
2018/06/26 2:00,3.274239511
2018/06/26 3:00,0.034668678
2018/06/26 4:00,0.034668678
2018/06/26 5:00,0.034668678
2018/06/26 6:00,0.034668678
2018/06/26 7:00,8.954221636
2018/06/26 8:00,21.95710653
2018/06/26 9:00,42.975981
2018/06/26 10:00,67.78923693
2018/06/26 11:00,29.56421702
2018/06/26 12:00,27.11358489
2018/06/26 13:00,16.70321885
2018/06/26 14:00,16.02653155
2018/06/26 15:00,18.65734622
2018/06/26 16:00,30.32148314
2018/06/26 17:00,52.59966555
2018/06/26 18:00,29.61970672
2018/06/26 19:00,7.633373896
2018/06/26 20:00,18.51167224
2018/06/26 21:00,15.11468397
2018/06/26 22:00,0.034668678
2018/06/26 23:00,0.034668678
2018/06/27 0:00,0.034668678
2018/06/27 1:00,8.520227999
2018/06/27 2:00,12.67710935
2018/06/27 3:00,0.034668678
2018/06/27 4:00,0.034668678
2018/06/27 5:00,15.49385403
2018/06/27 6:00,2.98043659
2018/06/27 7:00,4.989132668
2018/06/27 8:00,10.87573096
2018/06/27 9:00,35.75016041
2018/06/27 10:00,46.45489612
2018/06/27 11:00,36.74185458
2018/06/27 12:00,53.55187669
2018/06/27 13:00,21.26767108
2018/06/27 14:00,47.97678088
2018/06/27 15:00,39.57621857
2018/06/27 16:00,24.98420202
2018/06/27 17:00,49.19131292
2018/06/27 18:00,17.0528437
2018/06/27 19:00,29.0346947
2018/06/27 20:00,23.03800206
2018/06/27 21:00,5.829949544
2018/06/27 22:00,8.742085344
2018/06/27 23:00,18.16700201
2018/06/28 0:00,0.034668678
2018/06/28 1:00,0.034668678
2018/06/28 2:00,0.034668678
2018/06/28 3:00,0.034668678
2018/06/28 4:00,0.034668678
2018/06/28 5:00,0.034668678
2018/06/28 6:00,0.034668678
2018/06/28 7:00,1.703142362
2018/06/28 8:00,11.26567974
2018/06/28 9:00,11.26567974
2018/06/28 10:00,56.86255928
2018/06/28 11:00,26.41754074
2018/06/28 12:00,69.78505588
2018/06/28 13:00,25.05107719
2018/06/28 14:00,30.52488883
2018/06/28 15:00,18.41475055
2018/06/28 16:00,23.22796863
2018/06/28 17:00,27.55961409
2018/06/28 18:00,29.32856107
2018/06/28 19:00,22.13885715
2018/06/28 20:00,19.71893398
2018/06/28 21:00,5.36770431
2018/06/28 22:00,12.01358661
2018/06/28 23:00,16.1944462
2018/06/29 0:00,11.95095132
2018/06/29 1:00,11.95095132
2018/06/29 2:00,11.95095132
2018/06/29 3:00,7.206302667
2018/06/29 4:00,0.089329694
2018/06/29 5:00,0.810255938
2018/06/29 6:00,1.050564686
2018/06/29 7:00,1.903728865
2018/06/29 8:00,17.62688433
2018/06/29 9:00,23.02740884
2018/06/29 10:00,19.19191609
2018/06/29 11:00,10.11533498
2018/06/29 12:00,2.959926777
2018/06/29 13:00,12.62921016
2018/06/29 14:00,29.98257988
2018/06/29 15:00,17.89171932
2018/06/29 16:00,9.138917644
2018/06/29 17:00,9.438153335
2018/06/29 18:00,8.955301918
2018/06/29 19:00,12.9130797
2018/06/29 20:00,15.89229266
2018/06/29 21:00,0.089329694
2018/06/29 22:00,6.028247647
2018/06/29 23:00,11.39086374
2018/06/30 0:00,11.39086374
2018/06/30 1:00,10.03647568
2018/06/30 2:00,1.23295329
2018/06/30 3:00,1.23295329
2018/06/30 4:00,1.23295329
2018/06/30 5:00,1.23295329
2018/06/30 6:00,1.23295329
2018/06/30 7:00,9.038358696
2018/06/30 8:00,12.38821455
2018/06/30 9:00,7.576893111
2018/06/30 10:00,29.53541541
2018/06/30 11:00,86.81952992
2018/06/30 12:00,46.64202272
2018/06/30 13:00,96.58132992
2018/06/30 14:00,63.52989787
2018/06/30 15:00,24.44091177
2018/06/30 16:00,24.90089078
2018/06/30 17:00,40.2035239
2018/06/30 18:00,17.96240233
2018/06/30 19:00,17.39846527
2018/06/30 20:00,26.51762171
2018/06/30 21:00,4.619225465
2018/06/30 22:00,16.10926418
2018/06/30 23:00,1.459586755
2018/07/01 0:00,0.954425465
2018/07/01 1:00,5.909425465
2018/07/01 2:00,5.909425465
2018/07/01 3:00,0.954425465
2018/07/01 4:00,0.954425465
2018/07/01 5:00,10.21260728
2018/07/01 6:00,4.426243646
2018/07/01 7:00,3.245825464
2018/07/01 8:00,7.574025463
2018/07/01 9:00,12.19719801
2018/07/01 10:00,59.59941612
2018/07/01 11:00,35.54045236
2018/07/01 12:00,7.664225216
2018/07/01 13:00,21.46966549
2018/07/01 14:00,19.459475
2018/07/01 15:00,11.45109347
2018/07/01 16:00,24.35991043
2018/07/01 17:00,29.07489412
2018/07/01 18:00,21.00041377
2018/07/01 19:00,25.54908332
2018/07/01 20:00,3.741811534
2018/07/01 21:00,0.034668678
2018/07/01 22:00,0.034668678
2018/07/01 23:00,0.034668678
2018/07/02 0:00,0.034668678
2018/07/02 1:00,0.034668678
2018/07/02 2:00,0.034668678
2018/07/02 3:00,0.034668678
2018/07/02 4:00,0.034668678
2018/07/02 5:00,0.034668678
2018/07/02 6:00,0.034668678
2018/07/02 7:00,3.841856177
2018/07/02 8:00,18.72811044
2018/07/02 9:00,28.47593928
2018/07/02 10:00,49.28424654
2018/07/02 11:00,26.67409688
2018/07/02 12:00,29.1002952
2018/07/02 13:00,17.70890077
2018/07/02 14:00,21.23736542
2018/07/02 15:00,43.4336918
2018/07/02 16:00,67.21492143
2018/07/02 17:00,45.14972361
2018/07/02 18:00,43.54625007
2018/07/02 19:00,12.32232026
2018/07/02 20:00,16.83046754
2018/07/02 21:00,15.25823316
2018/07/02 22:00,0.034668678
2018/07/02 23:00,0.034668678
2018/07/03 0:00,0.034668678
2018/07/03 1:00,0.034668678
2018/07/03 2:00,0.034668678
2018/07/03 3:00,0.034668678
2018/07/03 4:00,0.034668678
2018/07/03 5:00,18.22976507
2018/07/03 6:00,3.04448696
2018/07/03 7:00,2.883475565
2018/07/03 8:00,22.99724813
2018/07/03 9:00,20.34854298
2018/07/03 10:00,23.05174197
2018/07/03 11:00,34.41966993
2018/07/03 12:00,45.75470519
2018/07/03 13:00,41.97954668
2018/07/03 14:00,20.86424996
2018/07/03 15:00,9.52115404
2018/07/03 16:00,28.28245385
2018/07/03 17:00,24.73794735
2018/07/03 18:00,16.60722565
2018/07/03 19:00,11.37354625
2018/07/03 20:00,2.954903972
2018/07/03 21:00,0.472703972
2018/07/03 22:00,0.034668678
2018/07/03 23:00,0.034668678
2018/07/04 0:00,0.034668678
2018/07/04 1:00,0.034668678
2018/07/04 2:00,0.034668678
2018/07/04 3:00,0.034668678
2018/07/04 4:00,0.034668678
2018/07/04 5:00,0.034668678
2018/07/04 6:00,0.034668678
2018/07/04 7:00,0.034668678
2018/07/04 8:00,4.214452787
2018/07/04 9:00,18.03461932
2018/07/04 10:00,38.39203768
2018/07/04 11:00,49.32667317
2018/07/04 12:00,35.76722911
2018/07/04 13:00,45.18786561
2018/07/04 14:00,48.89162866
2018/07/04 15:00,39.33896528
2018/07/04 16:00,28.75099991
2018/07/04 17:00,20.35007315
2018/07/04 18:00,58.99991009
2018/07/04 19:00,47.62559078
2018/07/04 20:00,27.61453712
2018/07/04 21:00,15.85277879
2018/07/04 22:00,0.034668678
2018/07/04 23:00,0.034668678
2018/07/05 0:00,0.034668678
2018/07/05 1:00,0.034668678
2018/07/05 2:00,0.034668678
2018/07/05 3:00,0.034668678
2018/07/05 4:00,0.034668678
2018/07/05 5:00,2.676387231
2018/07/05 6:00,7.889487909
2018/07/05 7:00,1.045916481
2018/07/05 8:00,7.235798301
2018/07/05 9:00,12.79010402
2018/07/05 10:00,12.81201544
2018/07/05 11:00,36.35723561
2018/07/05 12:00,53.12336459
2018/07/05 13:00,61.98299592
2018/07/05 14:00,32.42590217
2018/07/05 15:00,9.971118337
2018/07/05 16:00,42.10878662
2018/07/05 17:00,45.93106114
2018/07/05 18:00,46.73589489
2018/07/05 19:00,12.80828639
2018/07/05 20:00,20.81066868
2018/07/05 21:00,0.034668678
2018/07/05 22:00,0.034668678
2018/07/05 23:00,0.034668678
2018/07/06 0:00,0.034668678
2018/07/06 1:00,0.034668678
2018/07/06 2:00,3.959517162
2018/07/06 3:00,12.29982019
2018/07/06 4:00,0.034668678
2018/07/06 5:00,0.604980366
2018/07/06 6:00,0.912071275
2018/07/06 7:00,0.912071275
2018/07/06 8:00,3.148636124
2018/07/06 9:00,19.01493939
2018/07/06 10:00,25.8257406
2018/07/06 11:00,28.55848099
2018/07/06 12:00,53.23991059
2018/07/06 13:00,70.26613903
2018/07/06 14:00,76.09503281
2018/07/06 15:00,45.97224931
2018/07/06 16:00,15.61840414
2018/07/06 17:00,26.7141229
2018/07/06 18:00,39.45448349
2018/07/06 19:00,4.974168678
2018/07/06 20:00,0.034668678
2018/07/06 21:00,0.034668678
2018/07/06 22:00,0.034668678
2018/07/06 23:00,0.034668678
2018/07/07 0:00,7.898806609
2018/07/07 1:00,3.030530746
2018/07/07 2:00,0.034668678
2018/07/07 3:00,0.034668678
2018/07/07 4:00,0.034668678
2018/07/07 5:00,0.034668678
2018/07/07 6:00,0.034668678
2018/07/07 7:00,0.034668678
2018/07/07 8:00,3.909214132
2018/07/07 9:00,18.27655494
2018/07/07 10:00,13.51505596
2018/07/07 11:00,68.71953317
2018/07/07 12:00,26.26029562
2018/07/07 13:00,12.18938464
2018/07/07 14:00,37.95117569
2018/07/07 15:00,75.29280109
2018/07/07 16:00,37.56192718
2018/07/07 17:00,20.73647692
2018/07/07 18:00,5.899871382
2018/07/07 19:00,7.484252012
2018/07/07 20:00,46.80041868
2018/07/07 21:00,15.39433535
2018/07/07 22:00,0.034668678
2018/07/07 23:00,0.034668678
2018/07/08 0:00,3.590918678
2018/07/08 1:00,7.858418678
2018/07/08 2:00,0.034668678
2018/07/08 3:00,0.034668678
2018/07/08 4:00,0.034668678
2018/07/08 5:00,0.034668678
2018/07/08 6:00,0.034668678
2018/07/08 7:00,0.034668678
2018/07/08 8:00,1.166166872
2018/07/08 9:00,14.03386011
2018/07/08 10:00,19.23155992
2018/07/08 11:00,32.91291956
2018/07/08 12:00,23.57105582
2018/07/08 13:00,15.51710533
2018/07/08 14:00,17.52334491
2018/07/08 15:00,30.18278455
2018/07/08 16:00,28.74621549
2018/07/08 17:00,78.42336969
2018/07/08 18:00,43.23697321
2018/07/08 19:00,14.32507893
2018/07/08 20:00,13.5036612
2018/07/08 21:00,0.034668678
2018/07/08 22:00,0.034668678
2018/07/08 23:00,0.034668678
2018/07/09 0:00,0.034668678
2018/07/09 1:00,0.034668678
2018/07/09 2:00,0.034668678
2018/07/09 3:00,0.034668678
2018/07/09 4:00,0.034668678
2018/07/09 5:00,0.034668678
2018/07/09 6:00,0.034668678
2018/07/09 7:00,0.755076841
2018/07/09 8:00,6.253667922
2018/07/09 9:00,7.003466863
2018/07/09 10:00,15.86846686
2018/07/09 11:00,27.80633686
2018/07/09 12:00,27.28007084
2018/07/09 13:00,34.43786795
2018/07/09 14:00,26.75004305
2018/07/09 15:00,29.01476628
2018/07/09 16:00,46.79321167
2018/07/09 17:00,40.17024316
2018/07/09 18:00,34.59227851
2018/07/09 19:00,32.91300303
2018/07/09 20:00,7.749023232
2018/07/09 21:00,3.11532154
2018/07/09 22:00,0.410158497
2018/07/09 23:00,6.543491831
2018/07/10 0:00,8.996825164
2018/07/10 1:00,0.410158497
2018/07/10 2:00,0.410158497
2018/07/10 3:00,0.410158497
2018/07/10 4:00,0.410158497
2018/07/10 5:00,0.410158497
2018/07/10 6:00,0.410158497
2018/07/10 7:00,3.36407936
2018/07/10 8:00,12.44783331
2018/07/10 9:00,32.31272138
2018/07/10 10:00,67.46119324
2018/07/10 11:00,52.43368312
2018/07/10 12:00,81.28940328
2018/07/10 13:00,57.16725378
2018/07/10 14:00,19.91414376
2018/07/10 15:00,38.07640287
2018/07/10 16:00,67.42292771
2018/07/10 17:00,25.64587521
2018/07/10 18:00,25.98014292
2018/07/10 19:00,0.375489819
2018/07/10 20:00,9.367156486
2018/07/10 21:00,2.173823153
2018/07/10 22:00,0.375489819
2018/07/10 23:00,4.775856792
2018/07/11 0:00,11.37640725
2018/07/11 1:00,11.37640725
2018/07/11 2:00,11.37640725
2018/07/11 3:00,2.942370553
2018/07/11 4:00,0.375489819
2018/07/11 5:00,0.375489819
2018/07/11 6:00,0.375489819
2018/07/11 7:00,0.375489819
2018/07/11 8:00,15.06596942
2018/07/11 9:00,46.0870439
2018/07/11 10:00,41.03589143
2018/07/11 11:00,14.17574723
2018/07/11 12:00,24.21297556
2018/07/11 13:00,42.38172862
2018/07/11 14:00,34.70637735
2018/07/11 15:00,24.76355848
2018/07/11 16:00,47.49742832
2018/07/11 17:00,34.48215165
2018/07/11 18:00,25.49432332
2018/07/11 19:00,30.76783883
2018/07/11 20:00,6.838591475
2018/07/11 21:00,7.530565109
2018/07/11 22:00,3.264841877
2018/07/11 23:00,5.445630766
2018/07/12 0:00,3.411030766
2018/07/12 1:00,0.359130766
2018/07/12 2:00,0.359130766
2018/07/12 3:00,0.359130766
2018/07/12 4:00,0.359130766
2018/07/12 5:00,0.359130766
2018/07/12 6:00,11.75763077
2018/07/12 7:00,2.370630767
2018/07/12 8:00,4.403247451
2018/07/12 9:00,60.76520274
2018/07/12 10:00,45.21622939
2018/07/12 11:00,39.26061935
2018/07/12 12:00,30.00750825
2018/07/12 13:00,21.7542167
2018/07/12 14:00,59.34841367
2018/07/12 15:00,34.48651334
2018/07/12 16:00,55.62167999
2018/07/12 17:00,69.69332488
2018/07/12 18:00,53.79054295
2018/07/12 19:00,30.94780861
2018/07/12 20:00,8.461657689
2018/07/12 21:00,1.001683068
2018/07/12 22:00,0.359130766
2018/07/12 23:00,0.359130766
2018/07/13 0:00,2.414130766
2018/07/13 1:00,10.63413077
2018/07/13 2:00,10.63413077
2018/07/13 3:00,10.63413077
2018/07/13 4:00,3.784130766
2018/07/13 5:00,0.359130766
2018/07/13 6:00,0.359130766
2018/07/13 7:00,0.359130766
2018/07/13 8:00,0.359130766
2018/07/13 9:00,4.001923462
2018/07/13 10:00,62.09463504
2018/07/13 11:00,35.16943743
2018/07/13 12:00,40.97156829
2018/07/13 13:00,32.67499026
2018/07/13 14:00,43.10217366
2018/07/13 15:00,42.41074921
2018/07/13 16:00,49.52602377
2018/07/13 17:00,36.81352962
2018/07/13 18:00,30.46390902
2018/07/13 19:00,12.7052483
2018/07/13 20:00,14.92141163
2018/07/13 21:00,9.743660998
2018/07/13 22:00,8.21451607
2018/07/13 23:00,0.155421867
2018/07/14 0:00,0.155421867
2018/07/14 1:00,0.155421867
2018/07/14 2:00,0.155421867
2018/07/14 3:00,0.155421867
2018/07/14 4:00,0.155421867
2018/07/14 5:00,0.155421867
2018/07/14 6:00,0.155421867
2018/07/14 7:00,0.155421867
2018/07/14 8:00,0.175602513
2018/07/14 9:00,11.2976121
2018/07/14 10:00,15.42668832
2018/07/14 11:00,21.3549945
2018/07/14 12:00,85.45676397
2018/07/14 13:00,50.20064402
2018/07/14 14:00,88.48746139
2018/07/14 15:00,50.02404968
2018/07/14 16:00,27.57663435
2018/07/14 17:00,28.56276783
2018/07/14 18:00,18.50616261
2018/07/14 19:00,9.494681127
2018/07/14 20:00,0.155421867
2018/07/14 21:00,0.155421867
2018/07/14 22:00,0.155421867
2018/07/14 23:00,0.155421867
2018/07/15 0:00,0.155421867
2018/07/15 1:00,0.155421867
2018/07/15 2:00,0.155421867
2018/07/15 3:00,0.155421867
2018/07/15 4:00,0.155421867
2018/07/15 5:00,0.155421867
2018/07/15 6:00,0.155421867
2018/07/15 7:00,1.220230785
2018/07/15 8:00,1.57516709
2018/07/15 9:00,1.385867727
2018/07/15 10:00,1.917373087
2018/07/15 11:00,39.21738696
2018/07/15 12:00,27.60976905
2018/07/15 13:00,38.38777575
2018/07/15 14:00,21.55504045
2018/07/15 15:00,18.18095252
2018/07/15 16:00,58.6077197
2018/07/15 17:00,43.82026079
2018/07/15 18:00,13.77478476
2018/07/15 19:00,22.75710154
2018/07/15 20:00,21.12105755
2018/07/15 21:00,16.26086487
2018/07/15 22:00,21.60566718
2018/07/15 23:00,12.0478894
2018/07/16 0:00,22.52845121
2018/07/16 1:00,6.670236684
2018/07/16 2:00,0.155421867
2018/07/16 3:00,0.155421867
2018/07/16 4:00,0.155421867
2018/07/16 5:00,0.155421867
2018/07/16 6:00,0.155421867
2018/07/16 7:00,1.980327528
2018/07/16 8:00,6.368275599
2018/07/16 9:00,6.977437809
2018/07/16 10:00,7.264552563
2018/07/16 11:00,27.79301028
2018/07/16 12:00,40.44138861
2018/07/16 13:00,36.33906256
2018/07/16 14:00,82.49046733
2018/07/16 15:00,35.41582174
2018/07/16 16:00,55.78546043
2018/07/16 17:00,18.13040656
2018/07/16 18:00,42.86295669
2018/07/16 19:00,17.94641776
2018/07/16 20:00,4.075019409
2018/07/16 21:00,4.075019409
2018/07/16 22:00,2.480243289
2018/07/16 23:00,4.917467169
2018/07/17 0:00,1.89346717
2018/07/17 1:00,0.88546717
2018/07/17 2:00,0.88546717
2018/07/17 3:00,0.88546717
2018/07/17 4:00,0.88546717
2018/07/17 5:00,0.88546717
2018/07/17 6:00,0.88546717
2018/07/17 7:00,0.88546717
2018/07/17 8:00,5.542387777
2018/07/17 9:00,10.86721671
2018/07/17 10:00,22.58138615
2018/07/17 11:00,16.39903531
2018/07/17 12:00,48.19989602
2018/07/17 13:00,49.97970721
2018/07/17 14:00,10.56434963
2018/07/17 15:00,17.14253956
2018/07/17 16:00,21.48671365
2018/07/17 17:00,18.50493561
2018/07/17 18:00,28.40187259
2018/07/17 19:00,34.42797345
2018/07/17 20:00,13.91352569
2018/07/17 21:00,4.191348617
2018/07/17 22:00,0
2018/07/17 23:00,0
2018/07/18 0:00,0
2018/07/18 1:00,0
2018/07/18 2:00,0
2018/07/18 3:00,0
2018/07/18 4:00,0
2018/07/18 5:00,6.871944444
2018/07/18 6:00,15.61805555
2018/07/18 7:00,0
2018/07/18 8:00,3.908978842
2018/07/18 9:00,10.14681185
2018/07/18 10:00,13.41334524
2018/07/18 11:00,28.87835078
2018/07/18 12:00,24.43294064
2018/07/18 13:00,27.32599909
2018/07/18 14:00,45.19981193
2018/07/18 15:00,16.57519486
2018/07/18 16:00,31.95039161
2018/07/18 17:00,11.26567974
2018/07/18 18:00,11.26567974
2018/07/18 19:00,19.95959609
2018/07/18 20:00,6.895292941
2018/07/18 21:00,2.945676577
2018/07/18 22:00,0.07821229
2018/07/18 23:00,0
2018/07/19 0:00,0
2018/07/19 1:00,0
2018/07/19 2:00,0
2018/07/19 3:00,0
2018/07/19 4:00,0
2018/07/19 5:00,0
2018/07/19 6:00,0
2018/07/19 7:00,0
2018/07/19 8:00,1.514930233
2018/07/19 9:00,1.933953488
2018/07/19 10:00,28.45398259
2018/07/19 11:00,48.73367759
2018/07/19 12:00,65.28329257
2018/07/19 13:00,87.16041914
2018/07/19 14:00,45.14244139
2018/07/19 15:00,57.08095711
2018/07/19 16:00,37.89199014
2018/07/19 17:00,46.18226597
2018/07/19 18:00,12.59078346
2018/07/19 19:00,12.777585
2018/07/19 20:00,14.82184426
2018/07/19 21:00,7.605877049
2018/07/19 22:00,34.99758621
2018/07/19 23:00,2.592413793
2018/07/20 0:00,0
2018/07/20 1:00,0
2018/07/20 2:00,22.14857143
2018/07/20 3:00,2.171428572
2018/07/20 4:00,0
2018/07/20 5:00,0
2018/07/20 6:00,0
2018/07/20 7:00,0
2018/07/20 8:00,1.975247525
2018/07/20 9:00,42.74987787
2018/07/20 10:00,42.74176457
2018/07/20 11:00,30.98911383
2018/07/20 12:00,26.32171992
2018/07/20 13:00,30.76556071
2018/07/20 14:00,62.69299709
2018/07/20 15:00,24.58804577
2018/07/20 16:00,50.26052803
2018/07/20 17:00,25.15771089
2018/07/20 18:00,26.80980625
2018/07/20 19:00,51.37032026
2018/07/20 20:00,32.74884398
2018/07/20 21:00,13.4209572
2018/07/20 22:00,15.08016857
2018/07/20 23:00,15.08016857
2018/07/21 0:00,15.08016857
2018/07/21 1:00,6.067264047
2018/07/21 2:00,3.814037916
2018/07/21 3:00,3.814037916
2018/07/21 4:00,3.814037916
2018/07/21 5:00,3.814037916
2018/07/21 6:00,3.814037916
2018/07/21 7:00,1.972704185
2018/07/21 8:00,2.098847826
2018/07/21 9:00,12.43078554
2018/07/21 10:00,39.90312801
2018/07/21 11:00,35.22217367
2018/07/21 12:00,29.14051763
2018/07/21 13:00,17.40132274
2018/07/21 14:00,65.32746836
2018/07/21 15:00,30.32181199
2018/07/21 16:00,62.81785198
2018/07/21 17:00,24.86800349
2018/07/21 18:00,18.66082043
2018/07/21 19:00,18.22703816
2018/07/21 20:00,13.29528571
2018/07/21 21:00,4.095
2018/07/21 22:00,9.27962931
2018/07/21 23:00,14.81977011
2018/07/22 0:00,0.428103448
2018/07/22 1:00,0.428103448
2018/07/22 2:00,0.428103448
2018/07/22 3:00,0.428103448
2018/07/22 4:00,0.428103448
2018/07/22 5:00,0.428103448
2018/07/22 6:00,0.428103448
2018/07/22 7:00,0.93332084
2018/07/22 8:00,11.54288606
2018/07/22 9:00,0.428103448
2018/07/22 10:00,19.51876442
2018/07/22 11:00,52.5075641
2018/07/22 12:00,23.56737423
2018/07/22 13:00,74.84345859
2018/07/22 14:00,68.54281746
2018/07/22 15:00,50.8714971
2018/07/22 16:00,35.06248044
2018/07/22 17:00,21.79885973
2018/07/22 18:00,27.20407661
2018/07/22 19:00,61.8201734
2018/07/22 20:00,6.472500001
2018/07/22 21:00,13.24857055
2018/07/22 22:00,19.93019018
2018/07/22 23:00,9.323190184
2018/07/23 0:00,4.04004908
2018/07/23 1:00,0
2018/07/23 2:00,0
2018/07/23 3:00,0
2018/07/23 4:00,14.3
2018/07/23 5:00,2.997177914
2018/07/23 6:00,1.958282209
2018/07/23 7:00,9.544733821
2018/07/23 8:00,15.05294266
2018/07/23 9:00,7.590401941
2018/07/23 10:00,13.21883301
2018/07/23 11:00,34.5746897
2018/07/23 12:00,42.42173832
2018/07/23 13:00,80.10605934
2018/07/23 14:00,89.57764849
2018/07/23 15:00,39.3050263
2018/07/23 16:00,57.0074767
2018/07/23 17:00,53.87805053
2018/07/23 18:00,65.85473598
2018/07/23 19:00,3.761085686
2018/07/23 20:00,6.449547225
2018/07/23 21:00,1.610316456
2018/07/23 22:00,1.610316456
2018/07/23 23:00,1.610316456
2018/07/24 0:00,1.610316456
2018/07/24 1:00,1.610316456
2018/07/24 2:00,1.610316456
2018/07/24 3:00,1.610316456
2018/07/24 4:00,1.610316456
2018/07/24 5:00,1.610316456
2018/07/24 6:00,1.610316456
2018/07/24 7:00,2.388732113
2018/07/24 8:00,23.26536155
2018/07/24 9:00,13.79290076
2018/07/24 10:00,31.16513008
2018/07/24 11:00,11.26567974
2018/07/24 12:00,11.26567974
2018/07/24 13:00,76.974343
2018/07/24 14:00,15.97086975
2018/07/24 15:00,28.93278335
2018/07/24 16:00,29.96306122
2018/07/24 17:00,30.17853963
2018/07/24 18:00,9.954985968
2018/07/24 19:00,20.46526965
2018/07/24 20:00,13.25770719
2018/07/24 21:00,18.27094812
2018/07/24 22:00,5.679999999
2018/07/24 23:00,0
2018/07/25 0:00,0
2018/07/25 1:00,0
2018/07/25 2:00,0
2018/07/25 3:00,0
2018/07/25 4:00,0
2018/07/25 5:00,0
2018/07/25 6:00,0
2018/07/25 7:00,0
2018/07/25 8:00,4.906988236
2018/07/25 9:00,9.074257521
2018/07/25 10:00,26.88293884
2018/07/25 11:00,21.76922455
2018/07/25 12:00,26.67292398
2018/07/25 13:00,25.23884784
2018/07/25 14:00,47.63243126
2018/07/25 15:00,30.16939256
2018/07/25 16:00,16.47145755
2018/07/25 17:00,10.67274113
2018/07/25 18:00,26.6036416
2018/07/25 19:00,14.65293932
2018/07/25 20:00,4.627122279
2018/07/25 21:00,8.438716875
2018/07/25 22:00,0.382818195
2018/07/25 23:00,0.040659605
2018/07/26 0:00,0.040659605
2018/07/26 1:00,0.040659605
2018/07/26 2:00,0.040659605
2018/07/26 3:00,0.040659605
2018/07/26 4:00,0.040659605
2018/07/26 5:00,1.037068274
2018/07/26 6:00,1.286170441
2018/07/26 7:00,1.438110962
2018/07/26 8:00,6.167561495
2018/07/26 9:00,17.25466103
2018/07/26 10:00,35.44541612
2018/07/26 11:00,31.44948926
2018/07/26 12:00,41.10133617
2018/07/26 13:00,41.04296061
2018/07/26 14:00,31.65672136
2018/07/26 15:00,28.03636463
2018/07/26 16:00,29.54807966
2018/07/26 17:00,42.55419468
2018/07/26 18:00,13.42577879
2018/07/26 19:00,27.59019672
2018/07/26 20:00,38.0676609
2018/07/26 21:00,31.13481214
2018/07/26 22:00,11.96346918
2018/07/26 23:00,12.09155675
2018/07/27 0:00,0.040659605
2018/07/27 1:00,0.040659605
2018/07/27 2:00,0.040659605
2018/07/27 3:00,0.040659605
2018/07/27 4:00,0.040659605
2018/07/27 5:00,0.040659605
2018/07/27 6:00,0.040659605
2018/07/27 7:00,3.598590641
2018/07/27 8:00,5.599797629
2018/07/27 9:00,17.52773355
2018/07/27 10:00,17.1408666
2018/07/27 11:00,17.87905754
2018/07/27 12:00,38.11104832
2018/07/27 13:00,34.19986438
2018/07/27 14:00,29.53101056
2018/07/27 15:00,38.11318791
2018/07/27 16:00,41.66485327
2018/07/27 17:00,43.57230417
2018/07/27 18:00,46.25326842
2018/07/27 19:00,27.35896164
2018/07/27 20:00,44.58583549
2018/07/27 21:00,5.884713505
2018/07/27 22:00,0.211087621
2018/07/27 23:00,0.211087621
2018/07/28 0:00,0.211087621
2018/07/28 1:00,3.866969973
2018/07/28 2:00,8.985205266
2018/07/28 3:00,0.211087621
2018/07/28 4:00,0.211087621
2018/07/28 5:00,0.211087621
2018/07/28 6:00,0.211087621
2018/07/28 7:00,0.211087621
2018/07/28 8:00,3.49108762
2018/07/28 9:00,35.71140042
2018/07/28 10:00,40.85456907
2018/07/28 11:00,11.39200734
2018/07/28 12:00,22.57267
2018/07/28 13:00,54.06690698
2018/07/28 14:00,44.88279659
2018/07/28 15:00,43.56291161
2018/07/28 16:00,26.98444355
2018/07/28 17:00,10.61264287
2018/07/28 18:00,37.3601477
2018/07/28 19:00,37.19143605
2018/07/28 20:00,9.59782976
2018/07/28 21:00,7.755377159
2018/07/28 22:00,0.211087621
2018/07/28 23:00,0.211087621
2018/07/29 0:00,0.211087621
2018/07/29 1:00,0.211087621
2018/07/29 2:00,0.211087621
2018/07/29 3:00,0.211087621
2018/07/29 4:00,0.211087621
2018/07/29 5:00,0.211087621
2018/07/29 6:00,0.211087621
2018/07/29 7:00,0.211087621
2018/07/29 8:00,0.211087621
2018/07/29 9:00,2.749420954
2018/07/29 10:00,40.36803956
2018/07/29 11:00,35.4971461
2018/07/29 12:00,10.52125402
2018/07/29 13:00,16.32811593
2018/07/29 14:00,35.22466027
2018/07/29 15:00,10.21855227
2018/07/29 16:00,20.88647721
2018/07/29 17:00,35.33668293
2018/07/29 18:00,30.49464367
2018/07/29 19:00,26.45968219
2018/07/29 20:00,7.86741352
2018/07/29 21:00,2.565595338
2018/07/29 22:00,3.053554522
2018/07/29 23:00,10.04763616
2018/07/30 0:00,2.565595338
2018/07/30 1:00,2.565595338
2018/07/30 2:00,2.565595338
2018/07/30 3:00,2.565595338
2018/07/30 4:00,2.565595338
2018/07/30 5:00,3.361564803
2018/07/30 6:00,3.418419765
2018/07/30 7:00,4.313549635
2018/07/30 8:00,13.67728736
2018/07/30 9:00,33.0300135
2018/07/30 10:00,35.484138
2018/07/30 11:00,30.08358092
2018/07/30 12:00,39.09940807
2018/07/30 13:00,8.447504581
2018/07/30 14:00,9.015324942
2018/07/30 15:00,41.56542072
2018/07/30 16:00,71.19074968
2018/07/30 17:00,39.16039403
2018/07/30 18:00,16.8829023
2018/07/30 19:00,12.78494229
2018/07/30 20:00,6.072682289
2018/07/30 21:00,6.410892289
2018/07/30 22:00,3.891019731
2018/07/30 23:00,2.218681718
2018/07/31 0:00,1.177772627
2018/07/31 1:00,0.553227173
2018/07/31 2:00,0.553227173
2018/07/31 3:00,0.553227173
2018/07/31 4:00,0.553227173
2018/07/31 5:00,0.553227173
2018/07/31 6:00,0.825449395
2018/07/31 7:00,9.092985849
2018/07/31 8:00,28.50220476
2018/07/31 9:00,24.32355621
2018/07/31 10:00,14.78128252
2018/07/31 11:00,28.71713618
2018/07/31 12:00,31.09290039
2018/07/31 13:00,37.77417964
2018/07/31 14:00,24.44738031
2018/07/31 15:00,12.35725346
2018/07/31 16:00,15.64938765
2018/07/31 17:00,4.582836999
2018/07/31 18:00,15.57542375
2018/07/31 19:00,5.531344734
2018/07/31 20:00,24.69600646
2018/07/31 21:00,2.711458333
2018/07/31 22:00,0
2018/07/31 23:00,0
2018/08/01 0:00,0
2018/08/01 1:00,0.581550388
2018/08/01 2:00,3.172093023
2018/08/01 3:00,3.066356589
2018/08/01 4:00,0
2018/08/01 5:00,1.002908438
2018/08/01 6:00,1.135368043
2018/08/01 7:00,10.17755866
2018/08/01 8:00,14.88934509
2018/08/01 9:00,27.7744566
2018/08/01 10:00,55.01944188
2018/08/01 11:00,42.04003603
2018/08/01 12:00,36.06899819
2018/08/01 13:00,55.30745686
2018/08/01 14:00,12.38742428
2018/08/01 15:00,11.91011901
2018/08/01 16:00,30.88561946
2018/08/01 17:00,84.38010863
2018/08/01 18:00,22.0808277
2018/08/01 19:00,7.217839911
2018/08/01 20:00,5.329043871
2018/08/01 21:00,8.820324452
2018/08/01 22:00,4.44301676
2018/08/01 23:00,1.629106145
2018/08/02 0:00,0
2018/08/02 1:00,0
2018/08/02 2:00,0
2018/08/02 3:00,0
2018/08/02 4:00,0
2018/08/02 5:00,1.023015075
2018/08/02 6:00,1.058291457
2018/08/02 7:00,3.646479641
2018/08/02 8:00,28.39439132
2018/08/02 9:00,43.17767211
2018/08/02 10:00,12.19380271
2018/08/02 11:00,28.90332042
2018/08/02 12:00,55.18280069
2018/08/02 13:00,28.43217702
2018/08/02 14:00,30.1309122
2018/08/02 15:00,36.80837153
2018/08/02 16:00,32.23794172
2018/08/02 17:00,37.52387463
2018/08/02 18:00,35.46661886
2018/08/02 19:00,38.71635379
2018/08/02 20:00,7.296826565
2018/08/02 21:00,7.074297483
2018/08/02 22:00,13.87817444
2018/08/02 23:00,0
2018/08/03 0:00,0
2018/08/03 1:00,0
2018/08/03 2:00,0
2018/08/03 3:00,0
2018/08/03 4:00,0
2018/08/03 5:00,1.308813559
2018/08/03 6:00,1.454237288
2018/08/03 7:00,1.454237288
2018/08/03 8:00,1.925138927
2018/08/03 9:00,11.96204712
2018/08/03 10:00,44.02245303
2018/08/03 11:00,32.07880641
2018/08/03 12:00,37.48970972
2018/08/03 13:00,6.073509025
2018/08/03 14:00,22.34511986
2018/08/03 15:00,45.71115426
2018/08/03 16:00,49.79842724
2018/08/03 17:00,42.14722503
2018/08/03 18:00,54.50774064
2018/08/03 19:00,28.51592105
2018/08/03 20:00,0
2018/08/03 21:00,0
2018/08/03 22:00,0
2018/08/03 23:00,0
2018/08/04 0:00,0
2018/08/04 1:00,0
2018/08/04 2:00,0
2018/08/04 3:00,0
2018/08/04 4:00,0
2018/08/04 5:00,0
2018/08/04 6:00,0
2018/08/04 7:00,0.088
2018/08/04 8:00,1.32
2018/08/04 9:00,13.00461662
2018/08/04 10:00,54.35291717
2018/08/04 11:00,22.84827733
2018/08/04 12:00,38.22389112
2018/08/04 13:00,17.42316444
2018/08/04 14:00,35.97822929
2018/08/04 15:00,39.30604656
2018/08/04 16:00,23.96402491
2018/08/04 17:00,24.94698401
2018/08/04 18:00,1.685821759
2018/08/04 19:00,8.804740741
2018/08/04 20:00,5.795999999
2018/08/04 21:00,0
2018/08/04 22:00,0
2018/08/04 23:00,0
2018/08/05 0:00,0
2018/08/05 1:00,0
2018/08/05 2:00,0
2018/08/05 3:00,0.908571429
2018/08/05 4:00,1.211428572
2018/08/05 5:00,0
2018/08/05 6:00,3.539999999
2018/08/05 7:00,18.21961832
2018/08/05 8:00,9.886576745
2018/08/05 9:00,8.071099091
2018/08/05 10:00,22.02444123
2018/08/05 11:00,74.4774661
2018/08/05 12:00,21.44619696
2018/08/05 13:00,34.31197191
2018/08/05 14:00,44.25223037
2018/08/05 15:00,49.15436384
2018/08/05 16:00,37.80309415
2018/08/05 17:00,37.5134222
2018/08/05 18:00,3.533428175
2018/08/05 19:00,1.989090909
2018/08/05 20:00,9.671724138
2018/08/05 21:00,7.858275862
2018/08/05 22:00,0.245
2018/08/05 23:00,0
2018/08/06 0:00,0
2018/08/06 1:00,0
2018/08/06 2:00,0
2018/08/06 3:00,0
2018/08/06 4:00,0
2018/08/06 5:00,0.871038961
2018/08/06 6:00,2.618395214
2018/08/06 7:00,37.36600783
2018/08/06 8:00,15.68510652
2018/08/06 9:00,33.07692322
2018/08/06 10:00,53.59399589
2018/08/06 11:00,62.89966046
2018/08/06 12:00,57.50024701
2018/08/06 13:00,37.69341739
2018/08/06 14:00,40.56577079
2018/08/06 15:00,56.97425614
2018/08/06 16:00,46.8503513
2018/08/06 17:00,71.83190618
2018/08/06 18:00,48.56057296
2018/08/06 19:00,36.58348238
2018/08/06 20:00,4.998222633
2018/08/06 21:00,0.4775
2018/08/06 22:00,8.24
2018/08/06 23:00,7.21
2018/08/07 0:00,0
2018/08/07 1:00,0
2018/08/07 2:00,0
2018/08/07 3:00,0
2018/08/07 4:00,0
2018/08/07 5:00,0
2018/08/07 6:00,0
2018/08/07 7:00,14.02224516
2018/08/07 8:00,25.93504822
2018/08/07 9:00,38.71868747
2018/08/07 10:00,39.9546076
2018/08/07 11:00,25.90045138
2018/08/07 12:00,50.65842194
2018/08/07 13:00,68.70711698
2018/08/07 14:00,61.26333561
2018/08/07 15:00,34.28929817
2018/08/07 16:00,31.58575155
2018/08/07 17:00,36.46160033
2018/08/07 18:00,23.04938694
2018/08/07 19:00,13.79875884
2018/08/07 20:00,7.655247447
2018/08/07 21:00,2.741782643
2018/08/07 22:00,0
2018/08/07 23:00,18.49906977
2018/08/08 0:00,7.160930234
2018/08/08 1:00,0
2018/08/08 2:00,0
2018/08/08 3:00,0
2018/08/08 4:00,0
2018/08/08 5:00,3.42
2018/08/08 6:00,3.42
2018/08/08 7:00,5.0765
2018/08/08 8:00,28.47212431
2018/08/08 9:00,49.4537951
2018/08/08 10:00,64.00404951
2018/08/08 11:00,30.00344208
2018/08/08 12:00,22.19745569
2018/08/08 13:00,53.98187453
2018/08/08 14:00,42.35639019
2018/08/08 15:00,19.59699285
2018/08/08 16:00,42.78076389
2018/08/08 17:00,49.14566122
2018/08/08 18:00,31.97682695
2018/08/08 19:00,43.56437933
2018/08/08 20:00,39.41151676
2018/08/08 21:00,7.772764521
2018/08/08 22:00,2.314666667
2018/08/08 23:00,5.881499999
2018/08/09 0:00,7.188499999
2018/08/09 1:00,0
2018/08/09 2:00,0
2018/08/09 3:00,0
2018/08/09 4:00,0
2018/08/09 5:00,1.225981308
2018/08/09 6:00,1.313551402
2018/08/09 7:00,6.975997779
2018/08/09 8:00,44.57962625
2018/08/09 9:00,21.55741411
2018/08/09 10:00,24.77187631
2018/08/09 11:00,25.53967608
2018/08/09 12:00,19.0918536
2018/08/09 13:00,48.97993933
2018/08/09 14:00,41.99339366
2018/08/09 15:00,17.27025516
2018/08/09 16:00,50.19154618
2018/08/09 17:00,12.32342153
2018/08/09 18:00,24.41212483
2018/08/09 19:00,11.71999101
2018/08/09 20:00,4.318138489
2018/08/09 21:00,14.23830239
2018/08/09 22:00,8.42980018
2018/08/09 23:00,0
2018/08/10 0:00,0
2018/08/10 1:00,0
2018/08/10 2:00,0
2018/08/10 3:00,0
2018/08/10 4:00,0
2018/08/10 5:00,0.755887097
2018/08/10 6:00,4.205927419
2018/08/10 7:00,6.695989919
2018/08/10 8:00,6.098390106
2018/08/10 9:00,21.5383304
2018/08/10 10:00,36.19930755
2018/08/10 11:00,52.98231136
2018/08/10 12:00,49.78305195
2018/08/10 13:00,54.45405803
2018/08/10 14:00,61.13202926
2018/08/10 15:00,40.57597921
2018/08/10 16:00,27.10164975
2018/08/10 17:00,54.99160297
2018/08/10 18:00,16.29534954
2018/08/10 19:00,40.78514703
2018/08/10 20:00,14.90583026
2018/08/10 21:00,22.45952145
2018/08/10 22:00,16.2209454
2018/08/10 23:00,11.5461596
2018/08/11 0:00,14.75024833
2018/08/11 1:00,16.99251409
2018/08/11 2:00,16.99251409
2018/08/11 3:00,15.56561769
2018/08/11 4:00,4.76197355
2018/08/11 5:00,4.76197355
2018/08/11 6:00,13.77239708
2018/08/11 7:00,20.45755002
2018/08/11 8:00,8.278071111
2018/08/11 9:00,27.35706959
2018/08/11 10:00,45.68293452
2018/08/11 11:00,50.78865563
2018/08/11 12:00,75.80226763
2018/08/11 13:00,66.28770892
2018/08/11 14:00,38.86880467
2018/08/11 15:00,25.89418517
2018/08/11 16:00,38.13160189
2018/08/11 17:00,6.166727802
2018/08/11 18:00,16.30862927
2018/08/11 19:00,5.099784602
2018/08/11 20:00,11.7232865
2018/08/11 21:00,5.842504048
2018/08/11 22:00,4.789753006
2018/08/11 23:00,1.424210526
2018/08/12 0:00,1.424210526
2018/08/12 1:00,16.83254386
2018/08/12 2:00,4.498539892
2018/08/12 3:00,1.424210526
2018/08/12 4:00,1.424210526
2018/08/12 5:00,1.424210526
2018/08/12 6:00,1.424210526
2018/08/12 7:00,8.818434549
2018/08/12 8:00,15.06259222
2018/08/12 9:00,16.07644819
2018/08/12 10:00,59.93642149
2018/08/12 11:00,22.97537816
2018/08/12 12:00,21.50257081
2018/08/12 13:00,25.04017354
2018/08/12 14:00,21.62835466
2018/08/12 15:00,33.52648544
2018/08/12 16:00,44.30456386
2018/08/12 17:00,36.5399758
2018/08/12 18:00,31.22046164
2018/08/12 19:00,42.11980692
2018/08/12 20:00,6.526506955
2018/08/12 21:00,5.221205564
2018/08/12 22:00,0
2018/08/12 23:00,0
2018/08/13 0:00,0
2018/08/13 1:00,6.897272728
2018/08/13 2:00,1.532727273
2018/08/13 3:00,9.795744682
2018/08/13 4:00,1.714255319
2018/08/13 5:00,2.133503185
2018/08/13 6:00,7.945286625
2018/08/13 7:00,43.92199535
2018/08/13 8:00,42.2067247
2018/08/13 9:00,52.85394749
2018/08/13 10:00,46.89861822
2018/08/13 11:00,57.61767592
2018/08/13 12:00,28.03168156
2018/08/13 13:00,62.31734506
2018/08/13 14:00,70.71888494
2018/08/13 15:00,52.41100049
2018/08/13 16:00,28.3739499
2018/08/13 17:00,8.242561365
2018/08/13 18:00,14.27167676
2018/08/13 19:00,36.59694257
2018/08/13 20:00,15.59892212
2018/08/13 21:00,3.885715648
2018/08/13 22:00,5.639820911
2018/08/13 23:00,0.312768279
2018/08/14 0:00,0.312768279
2018/08/14 1:00,0.312768279
2018/08/14 2:00,0.312768279
2018/08/14 3:00,0.312768279
2018/08/14 4:00,0.312768279
2018/08/14 5:00,0.317356515
2018/08/14 6:00,1.169506247
2018/08/14 7:00,1.169506247
2018/08/14 8:00,13.48499023
2018/08/14 9:00,38.37666947
2018/08/14 10:00,32.6055219
2018/08/14 11:00,35.44544249
2018/08/14 12:00,35.84380841
2018/08/14 13:00,40.28990719
2018/08/14 14:00,53.91809911
2018/08/14 15:00,78.392048
2018/08/14 16:00,40.4148118
2018/08/14 17:00,36.02837727
2018/08/14 18:00,28.23161706
2018/08/14 19:00,23.57693582
2018/08/14 20:00,58.08918733
2018/08/14 21:00,6.968536784
2018/08/14 22:00,1.247419046
2018/08/14 23:00,1.247419046
2018/08/15 0:00,1.247419046
2018/08/15 1:00,1.247419046
2018/08/15 2:00,1.247419046
2018/08/15 3:00,1.247419046
2018/08/15 4:00,1.247419046
2018/08/15 5:00,1.247419046
2018/08/15 6:00,1.200686508
2018/08/15 7:00,4.060909583
2018/08/15 8:00,17.69274105
2018/08/15 9:00,22.54805843
2018/08/15 10:00,63.74797199
2018/08/15 11:00,46.45319212
2018/08/15 12:00,28.64259494
2018/08/15 13:00,41.02726953
2018/08/15 14:00,40.38252906
2018/08/15 15:00,25.33029321
2018/08/15 16:00,42.36387474
2018/08/15 17:00,64.8086883
2018/08/15 18:00,47.59502797
2018/08/15 19:00,78.15634215
2018/08/15 20:00,54.94028473
2018/08/15 21:00,8.137912814
2018/08/15 22:00,29.1987002
2018/08/15 23:00,3.13806225
2018/08/16 0:00,0.025027933
2018/08/16 1:00,0.025027933
2018/08/16 2:00,0.025027933
2018/08/16 3:00,0.025027933
2018/08/16 4:00,0.025027933
2018/08/16 5:00,1.10902487
2018/08/16 6:00,1.207570046
2018/08/16 7:00,2.446479613
2018/08/16 8:00,28.74759518
2018/08/16 9:00,22.41658262
2018/08/16 10:00,19.06281971
2018/08/16 11:00,6.908082866
2018/08/16 12:00,16.27155998
2018/08/16 13:00,45.0948326
2018/08/16 14:00,29.90222406
2018/08/16 15:00,41.43130959
2018/08/16 16:00,14.77822774
2018/08/16 17:00,12.46445309
2018/08/16 18:00,46.02835709
2018/08/16 19:00,18.95932008
2018/08/16 20:00,41.2515467
2018/08/16 21:00,32.39597498
2018/08/16 22:00,26.57859801
2018/08/16 23:00,5.185253725
2018/08/17 0:00,0.363561418
2018/08/17 1:00,0.363561418
2018/08/17 2:00,0.363561418
2018/08/17 3:00,8.084149652
2018/08/17 4:00,1.392973182
2018/08/17 5:00,1.554320494
2018/08/17 6:00,1.662571319
2018/08/17 7:00,2.138470882
2018/08/17 8:00,20.36528345
2018/08/17 9:00,38.4562651
2018/08/17 10:00,35.39687441
2018/08/17 11:00,24.16617119
2018/08/17 12:00,36.79164165
2018/08/17 13:00,43.79951224
2018/08/17 14:00,45.66844734
2018/08/17 15:00,50.94362605
2018/08/17 16:00,39.72382724
2018/08/17 17:00,37.04403039
2018/08/17 18:00,105.0147981
2018/08/17 19:00,35.70025817
2018/08/17 20:00,34.14618217
2018/08/17 21:00,6.316460713
2018/08/17 22:00,18.90465448
2018/08/17 23:00,2.588618996
2018/08/18 0:00,2.469868996
2018/08/18 1:00,2.469868996
2018/08/18 2:00,2.469868996
2018/08/18 3:00,2.469868996
2018/08/18 4:00,2.469868996
2018/08/18 5:00,7.869868995
2018/08/18 6:00,25.14986899
2018/08/18 7:00,2.469868996
2018/08/18 8:00,11.12354003
2018/08/18 9:00,32.42765337
2018/08/18 10:00,34.22542735
2018/08/18 11:00,19.69358443
2018/08/18 12:00,26.40950623
2018/08/18 13:00,30.3346255
2018/08/18 14:00,107.6701223
2018/08/18 15:00,50.89905953
2018/08/18 16:00,13.60206831
2018/08/18 17:00,7.208256982
2018/08/18 18:00,25.35704674
2018/08/18 19:00,29.57930393
2018/08/18 20:00,14.52647059
2018/08/18 21:00,7.923529412
2018/08/18 22:00,15.0548421
2018/08/18 23:00,3.203157894
2018/08/19 0:00,11.64816667
2018/08/19 1:00,13.3625
2018/08/19 2:00,4.699333333
2018/08/19 3:00,0
2018/08/19 4:00,0
2018/08/19 5:00,0
2018/08/19 6:00,0
2018/08/19 7:00,12.84199134
2018/08/19 8:00,19.54565572
2018/08/19 9:00,9.181483375
2018/08/19 10:00,3.752243506
2018/08/19 11:00,21.07904124
2018/08/19 12:00,36.2698048
2018/08/19 13:00,30.0422876
2018/08/19 14:00,43.48395989
2018/08/19 15:00,29.61762432
2018/08/19 16:00,33.57372938
2018/08/19 17:00,22.69335303
2018/08/19 18:00,38.53842733
2018/08/19 19:00,51.53266384
2018/08/19 20:00,53.82437475
2018/08/19 21:00,16.54645604
2018/08/19 22:00,2.627884615
2018/08/19 23:00,2.627884615
2018/08/20 0:00,5.58953484
2018/08/20 1:00,13.73407296
2018/08/20 2:00,13.73407296
2018/08/20 3:00,13.73407296
2018/08/20 4:00,7.625669369
2018/08/20 5:00,2.627884615
2018/08/20 6:00,2.627884615
2018/08/20 7:00,20.50894231
2018/08/20 8:00,35.16810887
2018/08/20 9:00,42.5004237
2018/08/20 10:00,56.89074499
2018/08/20 11:00,39.49489076
2018/08/20 12:00,36.10686619
2018/08/20 13:00,23.33223839
2018/08/20 14:00,77.05650776
2018/08/20 15:00,41.11561409
2018/08/20 16:00,50.47571842
2018/08/20 17:00,66.93502181
2018/08/20 18:00,39.02162968
2018/08/20 19:00,7.086835985
2018/08/20 20:00,24.53101151
2018/08/20 21:00,21.00496285
2018/08/20 22:00,2.511025641
2018/08/20 23:00,0
2018/08/21 0:00,0
2018/08/21 1:00,0
2018/08/21 2:00,0
2018/08/21 3:00,0
2018/08/21 4:00,0
2018/08/21 5:00,0.85152439
2018/08/21 6:00,11.20721103
2018/08/21 7:00,6.879171435
2018/08/21 8:00,36.76719164
2018/08/21 9:00,64.74939182
2018/08/21 10:00,51.22436828
2018/08/21 11:00,30.41656389
2018/08/21 12:00,46.24176893
2018/08/21 13:00,22.20601943
2018/08/21 14:00,16.72863271
2018/08/21 15:00,22.18888827
2018/08/21 16:00,15.82604545
2018/08/21 17:00,33.11936624
2018/08/21 18:00,50.52673852
2018/08/21 19:00,48.17299683
2018/08/21 20:00,27.16369222
2018/08/21 21:00,11.0504437
2018/08/21 22:00,4.412172414
2018/08/21 23:00,0
2018/08/22 0:00,0
2018/08/22 1:00,0
2018/08/22 2:00,0
2018/08/22 3:00,0
2018/08/22 4:00,0
2018/08/22 5:00,0
2018/08/22 6:00,0
2018/08/22 7:00,0.083852941
2018/08/22 8:00,11.67260268
2018/08/22 9:00,54.30900446
2018/08/22 10:00,27.4315122
2018/08/22 11:00,31.63873533
2018/08/22 12:00,47.73351729
2018/08/22 13:00,59.93438976
2018/08/22 14:00,38.33438051
2018/08/22 15:00,44.9996492
2018/08/22 16:00,35.82331293
2018/08/22 17:00,66.44562192
2018/08/22 18:00,44.4571283
2018/08/22 19:00,12.18048545
2018/08/22 20:00,26.25305115
2018/08/22 21:00,4.02632122
2018/08/22 22:00,1.108978562
2018/08/22 23:00,1.108978562
2018/08/23 0:00,2.065342198
2018/08/23 1:00,5.412614924
2018/08/23 2:00,1.108978562
2018/08/23 3:00,1.108978562
2018/08/23 4:00,1.108978562
2018/08/23 5:00,1.878869016
2018/08/23 6:00,2.051701567
2018/08/23 7:00,3.161451567
2018/08/23 8:00,10.74455199
2018/08/23 9:00,63.18330723
2018/08/23 10:00,39.76479516
2018/08/23 11:00,11.86143499
2018/08/23 12:00,19.90165203
2018/08/23 13:00,41.5614861
2018/08/23 14:00,56.85271953
2018/08/23 15:00,41.2227858
2018/08/23 16:00,40.71714642
2018/08/23 17:00,63.1301569
2018/08/23 18:00,84.09609601
2018/08/23 19:00,45.84003753
2018/08/23 20:00,40.90152218
2018/08/23 21:00,10.15613333
2018/08/23 22:00,9.395200001
2018/08/23 23:00,0
2018/08/24 0:00,0
2018/08/24 1:00,0
2018/08/24 2:00,0
2018/08/24 3:00,0
2018/08/24 4:00,1.180666667
2018/08/24 5:00,5.700669286
2018/08/24 6:00,0.551669941
2018/08/24 7:00,3.241669941
2018/08/24 8:00,16.40755965
2018/08/24 9:00,24.45658802
2018/08/24 10:00,38.30181805
2018/08/24 11:00,22.78887883
2018/08/24 12:00,47.90557224
2018/08/24 13:00,117.0672127
2018/08/24 14:00,66.82012494
2018/08/24 15:00,42.29661823
2018/08/24 16:00,13.53063886
2018/08/24 17:00,16.74227538
2018/08/24 18:00,63.35777002
2018/08/24 19:00,60.14376371
2018/08/24 20:00,18.04851987
2018/08/24 21:00,15.41882353
2018/08/24 22:00,11.71890374
2018/08/24 23:00,11.34227273
2018/08/25 0:00,0
2018/08/25 1:00,0
2018/08/25 2:00,0
2018/08/25 3:00,0
2018/08/25 4:00,0
2018/08/25 5:00,0
2018/08/25 6:00,0
2018/08/25 7:00,0
2018/08/25 8:00,0
2018/08/25 9:00,16.22102066
2018/08/25 10:00,31.98836601
2018/08/25 11:00,26.69025459
2018/08/25 12:00,21.36011737
2018/08/25 13:00,16.93629146
2018/08/25 14:00,27.41268262
2018/08/25 15:00,36.10320142
2018/08/25 16:00,33.72181799
2018/08/25 17:00,11.26567974
2018/08/25 18:00,11.26567974
2018/08/25 19:00,7.747465464
2018/08/25 20:00,15.59373823
2018/08/25 21:00,1.772456333
2018/08/25 22:00,4.876190477
2018/08/25 23:00,0
2018/08/26 0:00,0
2018/08/26 1:00,0
2018/08/26 2:00,0
2018/08/26 3:00,0
2018/08/26 4:00,0
2018/08/26 5:00,0
2018/08/26 6:00,0
2018/08/26 7:00,0
2018/08/26 8:00,2.485128205
2018/08/26 9:00,27.85345417
2018/08/26 10:00,38.72769213
2018/08/26 11:00,32.68341438
2018/08/26 12:00,33.41764484
2018/08/26 13:00,30.30359692
2018/08/26 14:00,59.02436663
2018/08/26 15:00,64.25324195
2018/08/26 16:00,44.23761257
2018/08/26 17:00,42.13320344
2018/08/26 18:00,45.31267109
2018/08/26 19:00,13.4966977
2018/08/26 20:00,19.12421871
2018/08/26 21:00,10.5885392
2018/08/26 22:00,4.674578313
2018/08/26 23:00,4.362939759
2018/08/27 0:00,0
2018/08/27 1:00,0
2018/08/27 2:00,0
2018/08/27 3:00,0
2018/08/27 4:00,0
2018/08/27 5:00,0
2018/08/27 6:00,0
2018/08/27 7:00,0
2018/08/27 8:00,1.010154588
2018/08/27 9:00,28.33476794
2018/08/27 10:00,88.4163634
2018/08/27 11:00,38.36303373
2018/08/27 12:00,52.23067693
2018/08/27 13:00,47.54882134
2018/08/27 14:00,78.38357027
2018/08/27 15:00,57.64712866
2018/08/27 16:00,15.98590644
2018/08/27 17:00,26.02820465
2018/08/27 18:00,30.57011397
2018/08/27 19:00,24.32615202
2018/08/27 20:00,8.257795552
2018/08/27 21:00,24.48549343
2018/08/27 22:00,15.40514286
2018/08/27 23:00,0.151914286
2018/08/28 0:00,0
2018/08/28 1:00,0
2018/08/28 2:00,0
2018/08/28 3:00,0
2018/08/28 4:00,0
2018/08/28 5:00,0.749070632
2018/08/28 6:00,0.898884758
2018/08/28 7:00,0.898884758
2018/08/28 8:00,23.48451807
2018/08/28 9:00,34.49632993
2018/08/28 10:00,35.00285668
2018/08/28 11:00,85.55311118
2018/08/28 12:00,59.3143631
2018/08/28 13:00,57.075793
2018/08/28 14:00,33.8838224
2018/08/28 15:00,31.13996656
2018/08/28 16:00,18.68226454
2018/08/28 17:00,49.75487623
2018/08/28 18:00,24.7143924
2018/08/28 19:00,18.66188003
2018/08/28 20:00,42.91039825
2018/08/28 21:00,13.15020148
2018/08/28 22:00,1.958974359
2018/08/28 23:00,17.14102564
2018/08/29 0:00,0
2018/08/29 1:00,0
2018/08/29 2:00,0
2018/08/29 3:00,0
2018/08/29 4:00,0
2018/08/29 5:00,0
2018/08/29 6:00,0
2018/08/29 7:00,0
2018/08/29 8:00,3.827697907
2018/08/29 9:00,12.35082175
2018/08/29 10:00,22.83665192
2018/08/29 11:00,7.006577907
2018/08/29 12:00,48.80499967
2018/08/29 13:00,27.1336556
2018/08/29 14:00,27.92695389
2018/08/29 15:00,32.11193083
2018/08/29 16:00,54.688921
2018/08/29 17:00,58.7777926
2018/08/29 18:00,47.7251735
2018/08/29 19:00,23.22290654
2018/08/29 20:00,53.74848419
2018/08/29 21:00,16.38980478
2018/08/29 22:00,8.10718895
2018/08/29 23:00,0.982622951
2018/08/30 0:00,6.469658038
2018/08/30 1:00,9.880517688
2018/08/30 2:00,9.880517688
2018/08/30 3:00,3.708300496
2018/08/30 4:00,2.952098733
2018/08/30 5:00,4.060475061
2018/08/30 6:00,4.060475061
2018/08/30 7:00,10.58317776
2018/08/30 8:00,43.41103955
2018/08/30 9:00,53.70994581
2018/08/30 10:00,50.99874233
2018/08/30 11:00,27.95842836
2018/08/30 12:00,10.26128227
2018/08/30 13:00,11.26499558
2018/08/30 14:00,30.4705346
2018/08/30 15:00,42.28921695
2018/08/30 16:00,11.26567974
2018/08/30 17:00,11.26567974
2018/08/30 18:00,49.15758614
2018/08/30 19:00,25.97459037
2018/08/30 20:00,54.97043527
2018/08/30 21:00,6.233692312
2018/08/30 22:00,4.137705131
2018/08/30 23:00,0
2018/08/31 0:00,0
2018/08/31 1:00,0
2018/08/31 2:00,0
2018/08/31 3:00,0
2018/08/31 4:00,0
2018/08/31 5:00,0.48684492
2018/08/31 6:00,0.60855615
2018/08/31 7:00,0.60855615
2018/08/31 8:00,7.959468619
2018/08/31 9:00,31.33025164
2018/08/31 10:00,49.18514008
2018/08/31 11:00,40.77535732
2018/08/31 12:00,52.99641517
2018/08/31 13:00,56.97706504
2018/08/31 14:00,31.05962701
2018/08/31 15:00,34.55166614
2018/08/31 16:00,78.21590523
2018/08/31 17:00,97.93294912
2018/08/31 18:00,87.725939
2018/08/31 19:00,43.27195899
2018/08/31 20:00,12.45400226
2018/08/31 21:00,19.11771586
2018/08/31 22:00,16.87391829
2018/08/31 23:00,0
